first_name,last_name,abbreviation,team,position,fantasy_points
Devin,Singletary,D.Singletary,NYG,RB,108.80000000000001
Sean,Clifford,S.Clifford,CIN,QB,0.0
Dyami,Brown,D.Brown,JAX,WR,49.7
Ja'Marr,Chase,J.Chase,CIN,WR,313.6
Kenneth,Gainwell,K.Gainwell,PIT,RB,221.3
Drake,London,D.London,ATL,WR,201.9
Dontayvion,Wicks,D.Wicks,GB,WR,75.80000000000001
Mike,White,M.White,CAR,QB,0.0
Malik,Willis,M.Willis,GB,QB,51.18
Jacoby,Brissett,J.Brissett,ARI,QB,227.44000000000003
C.J.,Beathard,C.Beathard,DET,QB,0.0
Cooper,Rush,C.Rush,BAL,QB,1.7200000000000006
Logan,Woodside,L.Woodside,ARI,QB,0.0
Mason,Rudolph,M.Rudolph,PIT,QB,15.0
Carson,Wentz,C.Wentz,MIN,QB,70.34
Jake,Browning,J.Browning,CIN,QB,48.74
Dak,Prescott,D.Prescott,DAL,QB,313.78
Kirk,Cousins,K.Cousins,ATL,QB,103.54
Brock,Purdy,B.Purdy,SF,QB,177.38
Tua,Tagovailoa,T.Tagovailoa,MIA,QB,160.7
Nick,Mullens,N.Mullens,JAX,QB,-0.040000000000000036
Daniel,Jones,D.Jones,IND,QB,226.14000000000001
Jared,Goff,J.Goff,DET,QB,297.06
Lamar,Jackson,L.Jackson,BAL,QB,214.86
Patrick,Mahomes,P.Mahomes,KC,QB,285.68
Joe,Burrow,J.Burrow,CIN,QB,134.45999999999998
Derrick,Henry,D.Henry,BAL,RB,279.5
Jakobi,Meyers,J.Meyers,JAX,WR,113.9
Josh,Allen,J.Allen,BUF,QB,364.62
Russell,Wilson,Ru.Wilson,NYG,QB,0.0
Tyson,Bagent,T.Bagent,CHI,QB,2.58
Kyler,Murray,K.Murray,ARI,QB,77.78
Trevor,Lawrence,T.Lawrence,JAX,QB,338.18
Jalen,Hurts,J.Hurts,PHI,QB,301.06
Marcus,Mariota,M.Mariota,WAS,QB,125.5
Justin,Herbert,J.Herbert,LAC,QB,286.88
Jimmy,Garoppolo,J.Garoppolo,LA,QB,-1.0
Mac,Jones,M.Jones,SF,QB,130.04000000000002
Geno,Smith,G.Smith,LV,QB,173.9
Tyrod,Taylor,T.Taylor,NYJ,QB,59.46
Baker,Mayfield,B.Mayfield,TB,QB,271.92
Jordan,Love,J.Love,GB,QB,235.14000000000001
Desmond,Ridder,D.Ridder,GB,QB,0.0
Case,Keenum,C.Keenum,CHI,QB,0.0
Tommy,DeVito,T.DeVito,NE,QB,0.0
C.J.,Stroud,C.Stroud,HOU,QB,208.54
Easton,Stick,E.Stick,ATL,QB,0.0
Sam,Howell,S.Howell,PHI,QB,0.0
Drew,Lock,D.Lock,SEA,QB,0.09999999999999998
Joshua,Dobbs,J.Dobbs,NE,QB,2.1
Mitchell,Trubisky,M.Trubisky,BUF,QB,31.119999999999997
Matthew,Stafford,M.Stafford,LA,QB,350.38
Gardner,Minshew,G.Minshew,KC,QB,-0.32000000000000006
Aidan,O'Connell,A.O'Connell,LV,QB,4.78
Kenny,Pickett,K.Pickett,LV,QB,7.720000000000001
Deshaun,Watson,D.Watson,CLE,QB,0.0
Justin,Fields,J.Fields,NYJ,QB,142.66
Sam,Darnold,S.Darnold,SEA,QB,235.42000000000002
Jarrett,Stidham,J.Stidham,DEN,QB,-0.1
Joe,Flacco,J.Flacco,CIN,QB,132.95999999999998
Zach,Wilson,Z.Wilson,MIA,QB,1.3800000000000001
Bailey,Zappe,B.Zappe,NYJ,QB,0.0
Bryce,Young,B.Young,CAR,QB,218.04
Anthony,Richardson Sr.,A.Richardson,IND,QB,2.16
Andy,Dalton,A.Dalton,CAR,QB,9.520000000000001
Will,Levis,W.Levis,TEN,QB,0.0
Clayton,Tune,C.Tune,GB,QB,1.9800000000000004
Tyler,Huntley,T.Huntley,BAL,QB,40.14
Trevor,Siemian,T.Siemian,TEN,QB,0.0
Taysom,Hill,T.Hill,NO,QB,41.78
Jameis,Winston,J.Winston,NYG,QB,43.28
Keenan,Allen,Ke.Allen,LAC,WR,0.0
Jeff,Driskel,J.Driskel,WAS,QB,0.0
Christian,Kirk,C.Kirk,HOU,WR,57.900000000000006
Brett,Rypien,B.Rypien,MIN,QB,0.0
Davis,Mills,D.Mills,HOU,QB,68.6
Aaron,Rodgers,A.Rodgers,PIT,QB,227.07999999999998
DeAndre,Hopkins,D.Hopkins,BAL,WR,67.0
Tanner,Hudson,T.Hudson,CIN,TE,47.8
Jonnu,Smith,J.Smith,PIT,TE,85.2
Chris,Godwin Jr.,C.Godwin,TB,WR,83.0
Parris,Campbell,P.Campbell,DAL,WR,0.0
Deebo,Samuel,D.Samuel,WAS,WR,188.2
Kyle,Trask,K.Trask,ATL,QB,0.0
Cedrick,Wilson Jr.,C.Wilson,MIA,WR,9.4
Josh,Jacobs,J.Jacobs,GB,RB,237.10000000000002
Cam,Akers,C.Akers,SEA,RB,0.0
Malik,Cunningham,M.Cunningham,DET,WR,0.1
DeeJay,Dallas,D.Dallas,JAX,RB,2.1
Connor,Heyward,Co.Heyward,PIT,TE,27.4
Justin,Jefferson,Ju.Jefferson,MIN,WR,0.0
Tank,Dell,T.Dell,HOU,WR,0.0
Amon-Ra,St. Brown,A.St. Brown,DET,WR,324.0
De'Von,Achane,D.Achane,MIA,RB,322.1
Garrett,Wilson,G.Wilson,NYJ,WR,99.5
Christian,McCaffrey,C.McCaffrey,SF,RB,414.6
Kyren,Williams,K.Williams,LA,RB,263.3
James,Cook III,J.Cook,BUF,RB,302.20000000000005
D'Andre,Swift,D.Swift,CHI,RB,227.7
James,Conner,J.Conner,ARI,RB,33.3
Najee,Harris,N.Harris,LAC,RB,11.600000000000001
Joe,Mixon,J.Mixon,HOU,RB,0.0
David,Montgomery,D.Montgomery,DET,RB,166.92000000000002
Raheem,Mostert,R.Mostert,LV,RB,29.4
Travis,Etienne Jr.,T.Etienne,JAX,RB,254.3
Tony,Pollard,T.Pollard,TEN,RB,185.8
Breece,Hall,B.Hall,NYJ,RB,207.66
Rachaad,White,R.White,TB,RB,143.0
Bijan,Robinson,B.Robinson,ATL,RB,374.4
Saquon,Barkley,S.Barkley,PHI,RB,232.3
Jahmyr,Gibbs,J.Gibbs,DET,RB,366.6
Isiah,Pacheco,I.Pacheco,KC,RB,87.30000000000001
Kenneth,Walker III,K.Walker,SEA,RB,191.9
Chuba,Hubbard,C.Hubbard,CAR,RB,125.4
Jerome,Ford,J.Ford,CLE,RB,43.6
Jaylen,Warren,J.Warren,PIT,RB,217.10000000000002
Javonte,Williams,J.Williams,DAL,RB,260.1
Jonathan,Taylor,J.Taylor,IND,RB,362.3
Brian,Robinson Jr.,B.Robinson,SF,RB,83.7
Alexander,Mattison,A.Mattison,MIA,RB,0.0
Alvin,Kamara,A.Kamara,NO,RB,100.7
Tyler,Allgeier,T.Allgeier,ATL,RB,123.0
Aaron,Jones Sr.,A.Jones,MIN,RB,118.7
Austin,Ekeler,A.Ekeler,WAS,RB,13.1
Rhamondre,Stevenson,R.Stevenson,NE,RB,178.8
AJ,Dillon,A.Dillon,PHI,RB,9.1
Khalil,Herbert,K.Herbert,NYJ,RB,6.6000000000000005
Zach,Charbonnet,Z.Charbonnet,SEA,RB,181.4
Ty,Chandler,T.Chandler,MIN,RB,8.8
Tyjae,Spears,T.Spears,TEN,RB,111.7
Zamir,White,Z.White,LV,RB,9.600000000000001
Miles,Sanders,M.Sanders,DAL,RB,26.700000000000003
Dameon,Pierce,D.Pierce,KC,RB,1.0
Kareem,Hunt,K.Hunt,KC,RB,145.4
Jaleel,McLaughlin,J.McLaughlin,DEN,RB,31.4
Keaton,Mitchell,K.Mitchell,BAL,RB,55.400000000000006
Justice,Hill,J.Hill,BAL,RB,65.2
Rico,Dowdle,R.Dowdle,CAR,RB,216.3
Roschon,Johnson,Ros.Johnson,CHI,RB,0.0
Royce,Freeman,R.Freeman,LAC,RB,0.0
Pierre,Strong Jr.,P.Strong,GB,RB,0.0
Emari,Demercado,E.Demercado,ARI,RB,58.300000000000004
Elijah,Mitchell,E.Mitchell,NE,RB,0.0
Antonio,Gibson,A.Gibson,NE,RB,17.200000000000003
Chris,Rodriguez Jr.,C.Rodriguez,WAS,RB,92.0
Samaje,Perine,S.Perine,CIN,RB,77.9
Clyde,Edwards-Helaire,C.Edwards-Helaire,KC,RB,4.2
Jordan,Mason,J.Mason,MIN,RB,128.89999999999998
Jeff,Wilson Jr.,J.Wilson,MIA,RB,0.0
Michael,Carter,M.Carter,ARI,RB,99.0
Chase,Brown,C.Brown,CIN,RB,280.3
Craig,Reynolds,C.Reynolds,NE,RB,0.0
Rondale,Moore,R.Moore,MIN,WR,0.0
Chase,Edmonds,C.Edmonds,WAS,RB,0.0
Nick,Chubb,N.Chubb,HOU,RB,88.30000000000001
Trey,Sermon,T.Sermon,PIT,RB,0.0
Kendre,Miller,K.Miller,NO,RB,33.3
Patrick,Taylor Jr.,P.Taylor,SF,RB,0.0
Ty,Johnson,Ty.Johnson,BUF,RB,97.1
Tank,Bigsby,T.Bigsby,PHI,RB,52.6
Ronnie,Rivers,R.Rivers,LA,RB,4.6000000000000005
Jayden,Reed,J.Reed,GB,WR,48.5
CeeDee,Lamb,C.Lamb,DAL,WR,200.9
KaVontae,Turpin,K.Turpin,DAL,WR,84.5
D'Ernest,Johnson,D.Johnson,NE,RB,2.5
Chris,Brooks,C.Brooks,GB,RB,32.7
Derius,Davis,D.Davis,LAC,WR,1.5
Damien,Harris,D.Harris,BUF,RB,0.0
Ameer,Abdullah,A.Abdullah,IND,RB,35.9
Puka,Nacua,P.Nacua,LA,WR,375.0
Tyler,Goodson,T.Goodson,IND,RB,5.2
Wan'Dale,Robinson,W.Robinson,NYG,WR,217.9
Emanuel,Wilson,E.Wilson,GB,RB,94.5
Tre,Tucker,T.Tucker,LV,WR,161.7
Kalif,Raymond,K.Raymond,DET,WR,60.8
Ihmir,Smith-Marsette,I.Smith-Marsette,NYG,WR,0.0
Keaontay,Ingram,K.Ingram,KC,RB,0.0
Israel,Abanikanda,I.Abanikanda,DAL,RB,0.0
Trayveon,Williams,T.Williams,CLE,RB,16.2
Xavier,Gipson,X.Gipson,NYG,WR,1.3
Salvon,Ahmed,S.Ahmed,IND,RB,0.0
Calvin,Austin III,C.Austin,PIT,WR,86.2
Deven,Thompkins,D.Thompkins,ATL,WR,6.2
Zay,Flowers,Z.Flowers,BAL,WR,243.3
Velus,Jones Jr.,V.Jones,SEA,RB,3.2
Tyquan,Thornton,T.Thornton,KC,WR,80.80000000000001
Xavier,Hutchinson,X.Hutchinson,HOU,WR,98.0
Eric,Gray,E.Gray,NYG,RB,0.0
Raheem,Blackshear,R.Blackshear,NYJ,RB,0.0
DeMario,Douglas,D.Douglas,NE,WR,95.80000000000001
Tyler,Scott,T.Scott,LA,WR,0.0
Deuce,Vaughn,D.Vaughn,DEN,RB,0.0
Chris,Moore,C.Moore,WAS,WR,38.6
Curtis,Samuel,C.Samuel,BUF,WR,21.1
Rashid,Shaheed,R.Shaheed,SEA,WR,48.4
Brandin,Cooks,B.Cooks,BUF,WR,21.6
Dare,Ogunbowale,D.Ogunbowale,HOU,RB,24.1
Tutu,Atwell,T.Atwell,LA,WR,31.200000000000003
Ray-Ray,McCloud III,R.McCloud,NYG,WR,1.5
Marvin,Mims Jr.,M.Mims,DEN,WR,87.0
Jameson,Williams,J.Williams,DET,WR,219.9
Demarcus,Robinson,D.Robinson,SF,WR,58.2
Calvin,Ridley,C.Ridley,TEN,WR,47.3
Hollywood,Brown,H.Brown,KC,WR,0.0
Skyy,Moore,S.Moore,SF,WR,14.8
Sean,Tucker,S.Tucker,TB,RB,91.4
J.K.,Dobbins,J.Dobbins,DEN,RB,115.9
Trey,Palmer,Tr.Palmer,NO,WR,0.0
DJ,Moore,D.Moore,CHI,WR,168.68
Gary,Brightwell,G.Brightwell,CIN,RB,0.0
Hunter,Luepke,H.Luepke,DAL,RB,37.0
DeAndre,Carter,D.Carter,CLE,WR,0.0
Rashod,Bateman,R.Bateman,BAL,WR,55.400000000000006
George,Pickens,G.Pickens,DAL,WR,291.9
Treylon,Burks,T.Burks,WAS,WR,29.0
Tyreek,Hill,T.Hill,MIA,WR,55.2
Devin,Duvernay,D.Duvernay,CHI,WR,4.6
Kene,Nwangwu,K.Nwangwu,NYJ,RB,4.9
Charlie,Jones,C.Jones,CIN,WR,0.0
Bam,Knight,B.Knight,ARI,RB,0.0
Adam,Prentice,A.Prentice,DEN,FB,15.700000000000001
Jaylen,Waddle,J.Waddle,MIA,WR,194.12
Braxton,Berrios,B.Berrios,HOU,WR,9.7
Jonathan,Ward,J.Ward,BAL,RB,0.0
Christian,Watson,C.Watson,GB,WR,132.4
Elijah,Moore,E.Moore,DEN,WR,0.0
Khalil,Shakir,K.Shakir,BUF,WR,163.10000000000002
Michael,Burton,M.Burton,DEN,FB,0.0
Ben,Skowronek,B.Skowronek,PIT,WR,16.9
Quentin,Johnston,Q.Johnston,LAC,WR,171.2
Harrison,Bryant,H.Bryant,HOU,TE,2.7
Cedric,Tillman,C.Tillman,CLE,WR,60.0
C.J.,Ham,C.Ham,MIN,FB,15.6
Nico,Collins,N.Collins,HOU,WR,226.2
Kyle,Juszczyk,K.Juszczyk,SF,FB,57.0
Adam,Thielen,A.Thielen,PIT,WR,25.8
Sterling,Shepard,S.Shepard,TB,WR,82.0
Joshua,Palmer,J.Palmer,BUF,WR,52.3
Elijah,Dotson,E.Dotson,ATL,RB,0.0
Chig,Okonkwo,C.Okonkwo,TEN,TE,124.0
Stefon,Diggs,S.Diggs,NE,WR,210.3
Greg,Dortch,G.Dortch,ARI,WR,75.1
Darnell,Mooney,D.Mooney,ATL,WR,82.30000000000001
Dee,Eskridge,D.Eskridge,MIA,WR,8.2
Kendrick,Bourne,K.Bourne,SF,WR,92.1
Nick,Bawden,N.Bawden,HOU,RB,0.0
Van,Jefferson,V.Jefferson,TEN,WR,70.0
Sam,LaPorta,S.LaPorta,DET,TE,106.9
John,Metchie III,J.Metchie,NYJ,WR,66.1
Andrew,Beck,A.Beck,NYJ,FB,23.0
Mecole,Hardman Jr.,M.Hardman,BUF,WR,-2.0
Jake,Bobo,J.Bobo,SEA,WR,4.0
George,Kittle,G.Kittle,SF,TE,161.5
Kylen,Granson,K.Granson,PHI,TE,11.0
Cole,Kmet,C.Kmet,CHI,TE,78.7
Jordan,Addison,J.Addison,MIN,WR,135.1
Dallas,Goedert,D.Goedert,PHI,TE,185.1
Steven,Sims,S.Sims,ARI,WR,0.0
Noah,Gray,N.Gray,KC,TE,38.8
Jashaun,Corbin,J.Corbin,NE,RB,0.0
Evan,Hull,E.Hull,NO,RB,6.4
KhaDarel,Hodge,K.Hodge,ATL,WR,6.1
Mark,Andrews,M.Andrews,BAL,TE,131.0
Tyler,Conklin,T.Conklin,LAC,TE,17.3
Alec,Ingold,A.Ingold,MIA,FB,14.100000000000001
Noah,Brown,N.Brown,WAS,WR,13.3
Teddy,Bridgewater,T.Bridgewater,TB,QB,2.88
Trent,Taylor,T.Taylor,SF,WR,0.0
Jamal,Agnew,J.Agnew,WAS,WR,0.0
Gabe,Davis,G.Davis,BUF,WR,30.9
Cooper,Kupp,C.Kupp,SEA,WR,116.30000000000001
Rashee,Rice,R.Rice,KC,WR,150.1
Kyle,Pitts Sr.,K.Pitts,ATL,TE,210.8
Kyle,Allen,Ky.Allen,DET,QB,0.0
A.J.,Brown,A.Brown,PHI,WR,220.3
Brandon,Aiyuk,B.Aiyuk,SF,WR,0.0
Mike,Evans,M.Evans,TB,WR,91.6
Michael,Pittman Jr.,M.Pittman,IND,WR,203.3
Davante,Adams,D.Adams,LA,WR,222.9
Chris,Olave,C.Olave,NO,WR,268.0
DK,Metcalf,D.Metcalf,PIT,WR,187.2
DeVonta,Smith,D.Smith,PHI,WR,201.8
Terry,McLaurin,T.McLaurin,WAS,WR,114.2
Travis,Kelce,T.Kelce,KC,TE,193.2
Evan,Engram,E.Engram,DEN,TE,102.80000000000001
T.J.,Hockenson,T.Hockenson,MIN,TE,112.80000000000001
Tyler,Lockett,T.Lockett,LV,WR,51.1
David,Njoku,D.Njoku,CLE,TE,86.3
Trey,McBride,T.McBride,ARI,TE,315.9
Courtland,Sutton,C.Sutton,DEN,WR,219.7
Josh,Downs,J.Downs,IND,WR,135.7
Darius,Slayton,D.Slayton,NYG,WR,98.80000000000001
Jake,Ferguson,J.Ferguson,DAL,TE,188.1
Jerry,Jeudy,J.Jeudy,CLE,WR,120.7
Romeo,Doubs,R.Doubs,GB,WR,165.4
Dalton,Kincaid,D.Kincaid,BUF,TE,126.1
Tee,Higgins,T.Higgins,CIN,WR,211.60000000000002
Dalton,Schultz,D.Schultz,HOU,TE,177.7
Jaxon,Smith-Njigba,J.Smith-Njigba,SEA,WR,359.9
Josh,Reynolds,J.Reynolds,NYJ,WR,23.1
Michael,Wilson,M.Wilson,ARI,WR,220.6
Darren,Waller,D.Waller,MIA,TE,88.7
K.J.,Osborn,K.Osborn,ATL,WR,0.0
Jahan,Dotson,J.Dotson,PHI,WR,50.2
Alec,Pierce,A.Pierce,IND,WR,183.3
Tyler,Higbee,T.Higbee,LA,TE,71.1
Justin,Watson,J.Watson,HOU,WR,6.0
Cade,Otton,C.Otton,TB,TE,122.2
Hunter,Henry,H.Henry,NE,TE,178.8
Jonathan,Mingo,J.Mingo,DAL,WR,3.5
Noah,Fant,N.Fant,CIN,TE,74.8
Isaiah,Likely,I.Likely,BAL,TE,61.7
Jalin,Hyatt,J.Hyatt,NYG,WR,8.5
Nick,Westbrook-Ikhine,N.Westbrook-Ikhine,MIA,WR,19.9
Juwan,Johnson,J.Johnson,NO,TE,179.9
Durham,Smythe,D.Smythe,CHI,TE,6.5
Tucker,Kraft,T.Kraft,GB,TE,117.2
Luke,Musgrave,L.Musgrave,GB,TE,49.2
Zay,Jones,Z.Jones,ARI,WR,30.3
Trenton,Irwin,T.Irwin,NYJ,WR,0.0
Marquez,Valdes-Scantling,M.Valdes-Scantling,PIT,WR,24.0
Allen,Lazard,A.Lazard,NYJ,WR,23.0
Pat,Freiermuth,P.Freiermuth,PIT,TE,113.6
Michael,Mayer,M.Mayer,LV,TE,73.80000000000001
Donald,Parham Jr.,D.Parham,PIT,TE,0.0
Brandon,Johnson,B.Johnson,PIT,WR,0.0
Jalen,Tolbert,J.Tolbert,DAL,WR,46.3
Jauan,Jennings,J.Jennings,SF,WR,173.3
JuJu,Smith-Schuster,J.Smith-Schuster,KC,WR,73.5
Hunter,Renfrow,H.Renfrow,CAR,WR,35.9
Daniel,Bellinger,D.Bellinger,NYG,TE,59.6
Mack,Hollins,M.Hollins,NE,WR,113.4
Colby,Parkinson,C.Parkinson,LA,TE,129.8
A.T.,Perry,A.Perry,DEN,WR,0.0
Mike,Gesicki,M.Gesicki,CIN,TE,70.7
Austin,Hooper,A.Hooper,NE,TE,59.3
Isaiah,Hodgins,I.Hodgins,NYG,WR,27.5
Brevin,Jordan,B.Jordan,HOU,TE,0.0
Josh,Oliver,J.Oliver,MIN,TE,55.0
Pharaoh,Brown,P.Brown,ARI,TE,2.1
Will,Mallory,W.Mallory,IND,TE,2.6
Adam,Trautman,A.Trautman,DEN,TE,45.5
Tommy,Tremble,T.Tremble,CAR,TE,63.900000000000006
Foster,Moreau,F.Moreau,NO,TE,12.9
Zach,Ertz,Z.Ertz,WAS,TE,126.4
Dawson,Knox,D.Knox,BUF,TE,103.7
Johnny,Mundt,J.Mundt,JAX,TE,20.1
Will,Dissly,W.Dissly,LAC,TE,20.700000000000003
Olamide,Zaccheaus,O.Zaccheaus,CHI,WR,84.8
Drew,Sample,D.Sample,CIN,TE,31.900000000000002
Elijah,Higgins,E.Higgins,ARI,TE,58.1
Lil'Jordan,Humphrey,L.Humphrey,DEN,WR,25.1
Mo,Alie-Cox,M.Alie-Cox,IND,TE,30.700000000000003
Scotty,Miller,S.Miller,PIT,WR,15.2
Luke,Farrell,L.Farrell,SF,TE,29.5
Stone,Smartt,S.Smartt,NYJ,TE,12.2
John,Bates,J.Bates,WAS,TE,27.3
Jeremy,Ruckert,J.Ruckert,NYJ,TE,45.8
Drew,Ogletree,D.Ogletree,IND,TE,0.0
Quez,Watkins,Q.Watkins,PHI,WR,0.0
Terrace,Marshall Jr.,T.Marshall,PHI,WR,0.0
Jordan,Akins,J.Akins,JAX,TE,0.0
Parker,Washington,P.Washington,JAX,WR,172.7
Robbie,Chosen,R.Chosen,WAS,WR,10.3
Malik,Heath,M.Heath,ATL,WR,0.0
River,Cracraft,R.Cracraft,WAS,WR,0.0
Cole,Turner,C.Turner,MIA,TE,0.0
Andrei,Iosivas,A.Iosivas,CIN,WR,89.9
Robert,Tonyan,R.Tonyan,KC,TE,1.1
Lucas,Krull,L.Krull,DEN,TE,3.5
Davis,Allen,D.Allen,LA,TE,62.8
David,Moore,Da.Moore,CAR,WR,0.0
Josh,Whyle,J.Whyle,GB,TE,14.6
Brock,Wright,B.Wright,DET,TE,36.8
Charlie,Kolar,C.Kolar,BAL,TE,36.2
Trent,Sherfield Sr.,T.Sherfield,ARI,WR,0.0
Tim,Jones,T.Jones,JAX,WR,2.5
Samori,Toure,S.Toure,NO,WR,1.3
Ronnie,Bell,R.Bell,NO,WR,10.3
Josiah,Deguara,J.Deguara,ARI,TE,11.1
Luke,Schoonmaker,L.Schoonmaker,DAL,TE,27.200000000000003
Jalen,Brooks,Jal.Brooks,ARI,WR,0.0
Darnell,Washington,D.Washington,PIT,TE,73.4
Payne,Durham,P.Durham,TB,TE,2.1
Ian,Thomas,I.Thomas,LV,TE,24.4
D.J.,Montgomery,D.Montgomery,IND,WR,0.0
Jason,Brownlee,J.Brownlee,KC,WR,0.0
Patrick,Ricard,P.Ricard,BAL,FB,2.1
Julian,Hill,J.Hill,MIA,TE,34.5
Mike,Strachan,M.Strachan,WAS,WR,0.0
Britain,Covey,B.Covey,PHI,WR,4.0
Grant,Calcaterra,G.Calcaterra,PHI,TE,22.6
Jack,Stoll,J.Stoll,NO,TE,16.6
Elijah,Cooks,E.Cooks,NO,WR,0.0
Keith,Kirkwood,K.Kirkwood,BAL,WR,0.0
Lawrence,Cager,L.Cager,WAS,TE,0.0
Brenton,Strange,B.Strange,JAX,TE,118.0
Teagan,Quitoriano,T.Quitoriano,ATL,TE,0.0
Charlie,Woerner,C.Woerner,ATL,TE,12.8
Marcedes,Lewis,M.Lewis,DEN,TE,0.0
Austin,Trammell,A.Trammell,JAX,WR,7.6000000000000005
Jalen,Nailor,J.Nailor,MIN,WR,100.7
Kenny,Yeboah,K.Yeboah,DET,TE,0.0
James,Mitchell,J.Mitchell,CAR,TE,5.800000000000001
Quintin,Morris,Q.Morris,JAX,TE,17.5
Greg,Dulcich,G.Dulcich,MIA,TE,62.8
Nick,Muse,N.Muse,NYJ,TE,0.0
Nate,Adkins,N.Adkins,DEN,TE,16.8
Ben,Sims,B.Sims,MIN,TE,6.0
Kayshon,Boutte,K.Boutte,NE,WR,124.1
Miles,Boykin,M.Boykin,CHI,WR,0.0
Chris,Manhertz,C.Manhertz,NYG,TE,1.7000000000000002
Laquon,Treadwell,L.Treadwell,IND,WR,0.0
Eric,Saubert,E.Saubert,SEA,TE,9.1
Jakob,Johnson,J.Johnson,HOU,FB,0.0
Ross,Dwelley,R.Dwelley,CAR,TE,0.0
John,FitzPatrick,J.FitzPatrick,GB,TE,25.2
Tylan,Wallace,T.Wallace,BAL,WR,14.5
Tucker,Fisk,T.Fisk,LAC,TE,3.9000000000000004
Simi,Fehoko,S.Fehoko,ARI,WR,0.0
Tyler,Johnson,Tyl.Johnson,NYJ,WR,0.0
Mason,Kinsey,M.Kinsey,TEN,WR,6.800000000000001
Nick,Vannett,N.Vannett,LA,TE,0.0
Reggie,Gilliam,R.Gilliam,BUF,FB,4.800000000000001
Giovanni,Ricci,G.Ricci,DET,TE,0.0
Ko,Kieft,K.Kieft,TB,TE,0.0
Phillip,Dorsett II,P.Dorsett,LV,WR,0.0
James,Proche II,J.Proche,TEN,WR,12.5
JaMycal,Hasty,J.Hasty,MIA,RB,0.0
Irvin,Charles,I.Charles,NYJ,WR,0.0
Albert,Okwuegbunam Jr.,A.Okwuegbunam,LV,TE,8.6
Sean,McKeon,S.McKeon,IND,TE,0.0
Travis,Homer,T.Homer,CHI,RB,-0.2
Jordan,Mims,J.Mims,TEN,RB,0.0
Shedrick,Jackson,S.Jackson,LV,WR,15.9
Gunner,Olszewski,G.Olszewski,NYG,WR,33.82
Jeremy,McNichols,J.McNichols,WAS,RB,72.7
Dan,Chisena,D.Chisena,CAR,WR,0.0
DJ,Turner,D.Turner,LV,WR,0.0
Hunter,Long,H.Long,JAX,TE,32.5
Malik,Davis,M.Davis,DAL,RB,40.6
Brady,Russell,B.Russell,SEA,FB,0.0
Brayden,Willis,B.Willis,SF,TE,0.0
Julius,Chestnut,J.Chestnut,TEN,RB,4.0
Ben,VanSumeren,B.VanSumeren,PHI,FB,0.0
Scott,Matlock,S.Matlock,LAC,FB,11.2
Dareke,Young,D.Young,SEA,WR,6.800000000000001
Andre,Baccellia,A.Baccellia,ARI,WR,2.8
Michael,Bandy,M.Bandy,DEN,WR,13.0
Anthony,Firkser,A.Firkser,DET,TE,13.3
Philip,Rivers,P.Rivers,IND,QB,31.66
Robert,Johnson,R.Johnson,WAS,TE,0.6000000000000001
Jason,Anderson,J.Anderson,HOU,RB,0.0
Marcus,Vick,M.Vick,MIA,WR,0.0
Jason,Pociask,J.Pociask,NYJ,TE,0.0
Ronnie,Ghent,R.Ghent,NO,TE,0.0
Michael,Gasperson,M.Gasperson,PHI,WR,0.0
Tim,Massaquoi,T.Massaquoi,BUF,TE,0.0
Jason,Rader,J.Rader,ATL,TE,0.0
Tyson,DeVree,T.DeVree,NE,TE,0.0
Josh,Johnson,Jo.Johnson,WAS,QB,0.0
Justin,Harper,J.Harper,BAL,WR,0.0
Jake,Allen,J.Allen,CLE,WR,6.9
Jerome,Johnson,Je.Johnson,ARI,FB,0.0
John,Matthews,Jo.Matthews,JAX,WR,0.0
Kerry,Meier,K.Meier,ATL,WR,0.0
Joe,Hastings,J.Hastings,SF,WR,0.0
Collin,Franklin,C.Franklin,TB,TE,0.0
Michael,Campbell,M.Campbell,NYJ,WR,0.0
Ryan,Spadola,R.Spadola,MIA,WR,0.0
Alex,Bayer,A.Bayer,LA,TE,0.0
Tajae,Sharpe,T.Sharpe,SF,WR,0.0
Chester,Rogers,C.Rogers,CLE,WR,0.0
Marcus,Kemp,M.Kemp,WAS,WR,0.0
Nyheim,Hines,N.Hines,NO,RB,0.0
Justin,Jackson,Ju.Jackson,DET,RB,0.0
Ronald,Jones,R.Jones,DAL,RB,0.0
Tim,Patrick,T.Patrick,JAX,WR,51.7
Dante,Pettis,D.Pettis,NO,WR,19.700000000000003
Russell,Gage Jr.,R.Gage,SF,WR,0.0
Derrick,Willies,D.Willies,CLE,WR,0.0
Malik,Turner,M.Turner,SF,WR,0.0
Isaiah,Ford,I.Ford,CHI,WR,0.0
Will,Grier,W.Grier,DAL,QB,0.0
Brandon,Allen,Bran.Allen,TEN,QB,0.0
Myles,Gaskin,M.Gaskin,SEA,RB,0.6000000000000001
John,Franklin,J.Franklin,TB,WR,0.0
Christian,Blake,C.Blake,PIT,WR,0.0
Stephen,Carlson,S.Carlson,CHI,TE,0.0
Stanley,Morgan Jr.,S.Morgan,TEN,WR,0.0
Ashton,Dulin,A.Dulin,IND,WR,20.0
John,Wolford,J.Wolford,MIN,QB,0.0
Quintez,Cephus,Q.Cephus,HOU,WR,0.0
Dalton,Keene,D.Keene,HOU,TE,0.0
Tom,Kennedy,T.Kennedy,DET,WR,7.6
Trey,Lance,T.Lance,LAC,QB,13.54
Feleipe,Franks,F.Franks,ATL,TE,0.4
Jaret,Patterson,J.Patterson,LAC,RB,25.7
Jermar,Jefferson,J.Jefferson,ARI,RB,0.0
Sam,Ehlinger,S.Ehlinger,DEN,QB,0.0
Alex,Bachman,A.Bachman,LV,WR,3.2
Shane,Zylstra,S.Zylstra,DET,TE,5.0
Cody,White,C.White,SEA,WR,18.0
David,Sills V,D.Sills,ATL,WR,49.1
Skylar,Thompson,S.Thompson,PIT,QB,0.0
Hassan,Haskins,H.Haskins,LAC,RB,10.0
Danny,Gray,D.Gray,PHI,WR,0.0
Tyler,Badie,T.Badie,DEN,RB,35.400000000000006
Michael,Woods II,M.Woods,GB,WR,0.0
Jelani,Woods,J.Woods,NYJ,TE,1.4
Jalen,Virgil,J.Virgil,ARI,WR,0.0
Chris,Myarick,C.Myarick,MIA,TE,0.0
Dennis,Houston,D.Houston,TB,WR,0.0
Maurice,Alexander,M.Alexander,CHI,WR,0.0
Tanner,Conner,T.Conner,NYG,TE,0.0
Lance,McCutcheon,L.McCutcheon,TEN,WR,0.0
Jake,Tonges,J.Tonges,SF,TE,93.3
Nikola,Kalinic,N.Kalinic,CHI,TE,0.0
Xavier,Worthy,X.Worthy,KC,WR,109.9
Carson,Steele,C.Steele,KC,FB,0.0
Johnny,Wilson,Joh.Wilson,PHI,WR,0.0
Will,Shipley,W.Shipley,PHI,RB,17.5
Travis,Stephens,T.Stephens,TB,RB,0.0
Tyree,Jackson,T.Jackson,WAS,TE,0.0
Kristian,Wilkerson,K.Wilkerson,BUF,WR,0.0
Trey,Benson,T.Benson,ARI,RB,35.4
Ray,Davis,R.Davis,BUF,RB,58.1
Marvin,Harrison Jr.,M.Harrison,ARI,WR,127.80000000000001
Keon,Coleman,K.Coleman,BUF,WR,102.4
Ja'Lynn,Polk,J.Polk,NO,WR,0.0
Brock,Bowers,B.Bowers,LV,TE,176.2
Ladd,McConkey,L.McConkey,LAC,WR,180.9
Bo,Nix,B.Nix,DEN,QB,304.84000000000003
Devaughn,Vele,D.Vele,NO,WR,66.3
Audric,Estime,A.Estime,NO,RB,48.1
Tyrone,Tracy Jr.,T.Tracy,NYG,RB,160.8
Theo,Johnson,Th.Johnson,NYG,TE,0.0
Malik,Nabers,M.Nabers,NYG,WR,57.1
Jha'Quan,Jackson,Jh.Jackson,NO,WR,0.0
Rome,Odunze,R.Odunze,CHI,WR,146.10000000000002
Caleb,Williams,C.Williams,CHI,QB,318.18
Jake,Haener,J.Haener,NO,QB,0.0
Bub,Means,B.Means,NO,WR,0.0
Xavier,Legette,X.Legette,CAR,WR,89.30000000000001
Ja'Tavion,Sanders,J.Sanders,CAR,TE,54.0
Mason,Tipton,M.Tipton,NO,WR,20.4
Jayden,Daniels,J.Daniels,WAS,QB,114.28
Luke,McCaffrey,L.McCaffrey,WAS,WR,51.3
Jalen,McMillan,J.McMillan,TB,WR,29.900000000000002
Bucky,Irving,B.Irving,TB,RB,138.5
Kameron,Johnson,Kam.Johnson,TB,WR,0.0
Blake,Corum,B.Corum,LA,RB,122.2
Jordan,Whittington,J.Whittington,LA,WR,36.3
Brian,Thomas Jr.,B.Thomas,JAX,WR,138.8
British,Brooks,B.Brooks,HOU,RB,7.800000000000001
Anthony,Gould,A.Gould,IND,WR,2.6
Adonai,Mitchell,A.Mitchell,NYJ,WR,65.7
George,Holani,G.Holani,SEA,RB,14.8
Kenny,McIntosh,K.McIntosh,SEA,RB,0.0
AJ,Barner,A.Barner,SEA,TE,147.3
Marcus,Simms,M.Simms,SEA,WR,0.0
Devontez,Walker,D.Walker,BAL,WR,37.6
Rasheen,Ali,R.Ali,BAL,RB,24.200000000000003
Owen,Wright,O.Wright,TB,RB,0.6000000000000001
Jamari,Thrash,J.Thrash,CLE,WR,20.700000000000003
Blake,Whiteheart,B.Whiteheart,CLE,TE,2.4
Cameron,Latu,C.Latu,PHI,TE,0.0
Roman,Wilson,R.Wilson,PIT,WR,38.6
Jack,Colletto,J.Colletto,PIT,FB,0.0
Shaquan,Davis,S.Davis,PIT,WR,0.0
Jermaine,Burton,J.Burton,CIN,WR,0.0
Erick,All Jr.,E.All,CIN,TE,0.0
Tanner,McLachlan,T.McLachlan,LAC,TE,0.0
Kendric,Pryor,K.Pryor,CIN,WR,0.0
Kendall,Milton,K.Milton,CIN,RB,0.2
Cade,Stover,C.Stover,HOU,TE,19.9
Kedon,Slovis,K.Slovis,ARI,QB,-0.08
Xavier,Johnson,X.Johnson,CIN,WR,0.0
Keilan,Robinson,K.Robinson,NYJ,RB,0.0
David,White Jr.,D.White,JAX,WR,0.0
Patrick,Murtagh,P.Murtagh,DEN,TE,0.0
Louis,Rees-Zammit,L.Rees-Zammit,JAX,WR,0.0
David,Martin-Robinson,D.Martin-Robinson,TEN,TE,13.0
Thomas,Odukoya,T.Odukoya,NE,TE,0.0
Jabari,Small,J.Small,DET,RB,0.0
Tay,Martin,T.Martin,WAS,WR,4.300000000000001
Bryce,Oliver,B.Oliver,TEN,WR,1.8
Jared,Wiley,J.Wiley,KC,TE,1.4
Emani,Bailey,E.Bailey,CAR,RB,0.0
Nikko,Remigio,N.Remigio,KC,WR,4.2
Dylan,Laube,D.Laube,LV,RB,3.7
Jeff,Foreman,J.Foreman,LV,WR,0.0
Carter,Bradley,C.Bradley,JAX,QB,0.0
Sincere,McCormick,S.McCormick,MIN,RB,0.0
Justin,Shorter,J.Shorter,LV,WR,0.0
Blake,Watson,B.Watson,TEN,RB,0.0
Troy,Franklin,T.Franklin,DEN,WR,177.10000000000002
Kaden,Davis,K.Davis,CLE,WR,0.0
Kimani,Vidal,K.Vidal,LAC,RB,117.9
Brenden,Rice,B.Rice,LV,WR,0.0
Jaylen,Johnson,Jay.Johnson,LAC,WR,0.0
Luke,Benson,L.Benson,LAC,TE,0.0
Shane,Buechele,S.Buechele,BUF,QB,0.0
Frank,Gore Jr.,F.Gore,BUF,RB,0.0
Jaylen,Wright,Jay.Wright,MIA,RB,0.0
Malik,Washington,M.Washington,MIA,WR,110.7
Isaac,Guerendo,I.Guerendo,SF,RB,0.0
Hendon,Hooker,H.Hooker,NYJ,QB,0.0
Spencer,Rattler,S.Rattler,NO,QB,99.14
Stetson,Bennett IV,S.Bennett,LA,QB,0.0
Tanner,McKee,T.McKee,PHI,QB,13.760000000000002
MarShawn,Lloyd,M.Lloyd,GB,RB,0.0
Sam,Hartman,S.Hartman,WAS,QB,0.0
Braelon,Allen,B.Allen,NYJ,RB,15.3
Isaiah,Davis,I.Davis,NYJ,RB,71.2
Drake,Maye,D.Maye,NE,QB,351.96
Michael,Penix Jr.,M.Penix,ATL,QB,120.28
Ryan,Flournoy,R.Flournoy,DAL,WR,114.0
Joe,Milton III,J.Milton,DAL,QB,10.32
Cody,Schrader,C.Schrader,DEN,RB,0.0
Bryce,Ford-Wheaton,B.Ford-Wheaton,NYG,WR,0.0
Sione,Vaki,S.Vaki,DET,RB,0.4
Malachi,Corley,M.Corley,CLE,WR,31.6
Princeton,Fant,P.Fant,DAL,TE,0.0
Javon,Baker,J.Baker,SF,WR,0.0
Jacob,Cowing,J.Cowing,SF,WR,0.0
Brenden,Bates,B.Bates,CLE,TE,4.5
Colson,Yankoff,C.Yankoff,WAS,TE,3.8
Ben,Sinnott,B.Sinnott,WAS,TE,28.4
Casey,Washington,C.Washington,ATL,WR,6.2
Xavier,Weaver,X.Weaver,ARI,WR,13.7
Brevyn,Spann-Ford,B.Spann-Ford,DAL,TE,24.0
Isaiah,Williams,I.Williams,NYJ,WR,46.7
Jalen,Hurd,J.Hurd,NE,WR,0.0
Devin,Culp,D.Culp,TB,TE,7.6
John,Stephens Jr.,J.Stephens,DAL,TE,0.0
Tip,Reiman,T.Reiman,ARI,TE,4.8
Messiah,Swinson,M.Swinson,GB,TE,0.0
Travis,Vokolek,T.Vokolek,ARI,TE,0.0
Jaheim,Bell,J.Bell,PIT,TE,0.0
Jonathon,Brooks,Jo.Brooks,CAR,RB,0.0
Robert,Burns,R.Burns,ATL,RB,0.0
J.J.,McCarthy,J.McCarthy,MIN,QB,125.38
Chris,Blair,C.Blair,ATL,WR,0.0
JaQuae,Jackson,JaQ.Jackson,LAC,WR,0.0
Zavier,Scott,Z.Scott,MIN,RB,39.2
Kevin,Austin Jr.,K.Austin,NO,WR,33.0
Jordan,Travis,J.Travis,NYJ,QB,0.0
Ian,Wheeler,I.Wheeler,CHI,RB,0.0
Lucky,Jackson,Lu.Jackson,MIN,WR,0.0
Michael,Jacobson,M.Jacobson,NO,TE,0.0
Ellis,Merriweather,E.Merriweather,GB,RB,0.0
Treyton,Welch,T.Welch,NO,TE,0.0
Marcus,Riley,M.Riley,NYJ,WR,0.0
Ricky,Pearsall,R.Pearsall,SF,WR,88.6
Jeshaun,Jones,Je.Jones,MIN,WR,0.0
Thayer,Thomas,T.Thomas,DEN,WR,0.0
Kazmeir,Allen,K.Allen,WAS,RB,10.700000000000001
Michael,Wiley,M.Wiley,TB,RB,0.0
T.J.,Luther,T.Luther,CAR,WR,0.0
Mitchell,Tinsley,M.Tinsley,CIN,WR,31.6
Johnny,Lumpkin,J.Lumpkin,GB,TE,0.0
Ainias,Smith,A.Smith,CAR,WR,1.0
Jordan,Murray,J.Murray,CHI,TE,0.0
Brycen,Tremayne,B.Tremayne,CAR,WR,30.0
Xavier,Smith,X.Smith,LA,WR,48.3
McCallan,Castles,M.Castles,GB,TE,0.0
Drake,Stoops,D.Stoops,LA,WR,0.0
Tahj,Washington,T.Washington,MIA,WR,4.7
Sam,Wiglusz,S.Wiglusz,LA,WR,0.0
Dillon,Johnson,Di.Johnson,CAR,RB,0.0
Austin,Reed,A.Reed,CHI,QB,0.0
Terrell,Jennings,T.Jennings,NE,RB,15.200000000000001
Adrian,Martinez,A.Martinez,SF,QB,-0.1
Praise,Olatoke,P.Olatoke,CAR,WR,0.0
Matt,Landers,M.Landers,TEN,WR,0.0
Deneric,Prince,D.Prince,NE,RB,0.0
Ryan,Miller,R.Miller,NYG,WR,0.0
Brandon,Smith,B.Smith,NE,WR,0.0
Marcus,Rosemy-Jacksaint,M.Rosemy-Jacksaint,PHI,WR,0.0
Dante,Miller,D.Miller,NYG,RB,0.0
Tanner,Taula,T.Taula,TB,TE,0.0
Kevin,Foelsch,K.Foelsch,PIT,TE,0.0
Hayden,Rucci,H.Rucci,MIA,TE,0.0
Zack,Kuntz,Z.Kuntz,NYJ,TE,0.0
E.J.,Jenkins,E.Jenkins,PHI,TE,0.0
Zaire,Mitchell-Paden,Z.Mitchell-Paden,NO,TE,2.4000000000000004
Jalen,Coker,J.Coker,CAR,WR,90.4
Michael,Pratt,M.Pratt,TB,QB,0.0
Jason,Bean,J.Bean,IND,QB,0.0
Ahmarean,Brown,Ah.Brown,BUF,WR,0.0
Tyrell,Shavers,T.Shavers,BUF,WR,45.5
Julian,Hicks,J.Hicks,GB,WR,0.0
Tejhaun,Palmer,T.Palmer,ARI,WR,0.0
Cole,Burgess,C.Burgess,CIN,WR,0.0
Cornelius,Johnson,Co.Johnson,BAL,WR,0.0
Bernhard,Seikovits,B.Seikovits,ARI,TE,0.0
Zach,Davidson,Z.Davidson,NYG,TE,0.0
Cam,Grandy,C.Grandy,CIN,TE,2.7
John,Jackson III,J.Jackson,CHI,WR,0.0
Thomas,Yassmin,T.Yassmin,LAC,TE,0.0
Jack,Plummer,J.Plummer,CAR,QB,0.0
Tanner,Mordecai,T.Mordecai,SF,QB,0.0
Carlos,Washington Jr.,C.Washington,ATL,RB,6.2
Jesse,Matthews,J.Matthews,ATL,WR,0.0
Dylan,Drummond,D.Drummond,ATL,WR,11.2
Jack,Westover,J.Westover,NE,TE,1.0
Jalen,Cropper,J.Cropper,DAL,WR,0.0
Mason,Pline,M.Pline,NO,TE,0.0
Terique,Owens,T.Owens,SF,WR,0.0
Jaray,Jenkins,J.Jenkins,PIT,WR,0.0
Brittain,Brown,B.Brown,CHI,RB,9.7
Joshua,Cephus,J.Cephus,JAX,WR,0.0
Devin,Leary,D.Leary,BAL,QB,0.0
Johnny,Johnson III,J.Johnson,HOU,WR,0.0
Chris,Collier,C.Collier,LV,RB,0.0
Shawn,Bowman,S.Bowman,JAX,TE,0.0
Dayton,Wade,D.Wade,BAL,WR,0.0
Qadir,Ismail,Q.Ismail,CHI,TE,0.0
Trent,Pennix,T.Pennix,IND,RB,0.0
Tanner,Knue,T.Knue,TB,WR,0.0
John,Jiles,J.Jiles,NE,WR,0.0
Jared,Wayne,J.Wayne,HOU,WR,4.0
Malik,Knowles,M.Knowles,SF,WR,0.0
Chris,Oladokun,C.Oladokun,KC,QB,11.200000000000001
Cornell,Powell,C.Powell,HOU,WR,0.0
Ethan,Fernea,E.Fernea,IND,WR,0.0
Jawhar,Jordan,J.Jordan,HOU,RB,29.700000000000003
Joel,Wilson,J.Wilson,TEN,TE,0.0
Cam,Johnson,C.Johnson,CAR,WR,0.0
Matt,Sokol,M.Sokol,PIT,TE,0.0
Xazavian,Valladay,X.Valladay,MIN,RB,0.0
Alex,McGough,A.McGough,GB,WR,0.0
Scotty,Washington,S.Washington,BAL,TE,0.0
Sam,Pinckney,S.Pinckney,CAR,WR,0.0
Jaelen,Gill,J.Gill,CLE,WR,0.0
Neal,Johnson,N.Johnson,NYJ,TE,0.0
Deshaun,Fenwick,D.Fenwick,GB,RB,0.0
Emory,Jones,E.Jones,ATL,QB,0.0
Lew,Nichols,L.Nichols,PIT,RB,0.0
Aidan,Robbins,A.Robbins,CLE,RB,0.0
Hassan,Hall,H.Hall,ARI,RB,0.0
Jaxon,Janke,J.Janke,HOU,WR,0.0
Makai,Polk,M.Polk,ATL,WR,0.0
Joseph,Ngata,J.Ngata,PHI,WR,0.0
Tulu,Griffin,T.Griffin,GB,WR,0.0
Ontaria,Wilson,O.Wilson,NYJ,WR,0.0
Ajou,Ajou,A.Ajou,IND,WR,0.0
Taylor,Elgersma,T.Elgersma,GB,QB,0.0
Graham,Mertz,G.Mertz,HOU,QB,0.0
Seth,Henigan,S.Henigan,IND,QB,0.0
Kyle,McCord,K.McCord,PHI,QB,0.0
Quinn,Ewers,Q.Ewers,MIA,QB,33.17999999999999
Brett,Gabbert,B.Gabbert,MIA,QB,0.0
Payton,Thorne,P.Thorne,CIN,QB,0.0
Cam,Miller,C.Miller,MIA,QB,0.0
Will,Howard,W.Howard,PIT,QB,0.0
Jalen,Milroe,J.Milroe,SEA,QB,-1.6
Ethan,Garbers,E.Garbers,CAR,QB,0.0
Riley,Leonard,R.Leonard,IND,QB,29.299999999999997
Damien,Martinez,D.Martinez,GB,RB,0.0
Tahj,Brooks,T.Brooks,CIN,RB,6.4
Brady,Cook,B.Cook,NYJ,QB,28.46
Jaxson,Dart,J.Dart,NYG,QB,241.57999999999998
Quali,Conley,Q.Conley,CIN,RB,0.0
Connor,Bazelak,C.Bazelak,TB,QB,0.0
Max,Brosmer,M.Brosmer,MIN,QB,4.220000000000001
Ulysses,Bentley IV,U.Bentley,IND,RB,0.0
Ashton,Jeanty,A.Jeanty,LV,RB,245.1
Max,Hurleman,M.Hurleman,PIT,RB,0.0
Kaleb,Johnson,K.Johnson,PIT,RB,8.8
Hunter,Dekkers,H.Dekkers,NO,QB,0.0
Jacardia,Wright,J.Wright,SEA,RB,2.0
Robbie,Ouzts,R.Ouzts,SEA,FB,0.0
Dillon,Gabriel,D.Gabriel,CLE,QB,70.08000000000001
Ben,Wooldridge,B.Wooldridge,NE,QB,0.0
Shedeur,Sanders,S.Sanders,CLE,QB,84.9
Jarquez,Hunter,J.Hunter,LA,RB,0.0
Nathan,Carter,N.Carter,ATL,RB,4.0
LeQuint,Allen Jr.,L.Allen,JAX,RB,24.8
DJ,Giddens,D.Giddens,IND,RB,9.600000000000001
Woody,Marks,W.Marks,HOU,RB,145.1
Deion,Hankins,D.Hankins,CHI,RB,0.0
DJ,Uiagalelei,D.Uiagalelei,LAC,QB,0.0
Amar,Johnson,A.Johnson,LAC,RB,0.8
Cam,Ward,C.Ward,TEN,QB,186.66
Jaydon,Blue,J.Blue,DAL,RB,20.4
Montrell,Johnson Jr.,M.Johnson,CAR,RB,0.0
Ollie,Gordon II,O.Gordon,MIA,RB,54.1
TreVeyon,Henderson,T.Henderson,NE,RB,206.20000000000002
RJ,Harvey,R.Harvey,DEN,RB,206.6
Kurtis,Rourke,K.Rourke,SF,QB,0.0
Omarion,Hampton,O.Hampton,LAC,RB,135.7
Jalen,White,J.White,GB,RB,0.0
Kyle,Monangai,K.Monangai,CHI,RB,146.70000000000002
DJ,Thomas-Jones,D.Thomas-Jones,PIT,FB,0.0
Kalel,Mullings,K.Mullings,TEN,RB,0.7000000000000001
Nate,Noel,N.Noel,IND,RB,0.0
Ja'Quinden,Jackson,J.Jackson,JAX,RB,0.0
Jacory,Croskey-Merritt,J.Croskey-Merritt,WAS,RB,140.3
Quinshon,Judkins,Q.Judkins,CLE,RB,169.8
Phil,Mafah,P.Mafah,DAL,RB,10.9
Sam,Brown Jr.,S.Brown,GB,WR,0.0
Bhayshul,Tuten,B.Tuten,JAX,RB,88.6
Kye,Robichaux,K.Robichaux,DET,RB,0.0
Anthony,Tyus III,A.Tyus,CAR,RB,0.0
Lan,Larison,L.Larison,NE,RB,0.0
Jordan,James,J.James,SF,RB,0.0
ShunDerrick,Powell,S.Powell,KC,RB,0.0
Trevor,Etienne,T.Etienne,CAR,RB,30.300000000000004
Brashard,Smith,Bras.Smith,KC,RB,0.0
Rushawn,Baker,R.Baker,NE,RB,0.0
Chandler,Brayboy,C.Brayboy,JAX,WR,0.0
Donovan,Edwards,D.Edwards,MIA,RB,0.0
Marcus,Major,M.Major,BAL,RB,0.0
Jordan,Waters,J.Waters,LA,RB,0.0
Josh,Williams,Jo.Williams,TB,RB,0.0
Tyler,Shough,T.Shough,NO,QB,157.96
Tyrone,Broden,T.Broden,SEA,WR,0.0
Montorie,Foster Jr.,M.Foster,SEA,WR,0.0
Ahmani,Marshall,A.Marshall,CLE,RB,0.0
Emeka,Egbuka,E.Egbuka,TB,WR,195.70000000000002
Matthew,Golden,M.Golden,GB,WR,70.0
Jamoi,Mayes,J.Mayes,CIN,WR,0.0
Jordan,Moore,J.Moore,CIN,WR,0.0
Corey,Kiner,C.Kiner,ARI,RB,9.3
Tyler,Kahmann,T.Kahmann,IND,WR,0.0
Elic,Ayomanor,E.Ayomanor,TEN,WR,116.5
Tory,Horton,T.Horton,SEA,WR,59.1
Cam,Camper,C.Camper,JAX,WR,0.0
Traeshon,Holden,T.Holden,DAL,WR,0.0
Kelly,Akharaiyi,K.Akharaiyi,ARI,WR,0.0
Brock,Lampe,B.Lampe,NE,FB,0.0
Travis,Hunter,T.Hunter,JAX,WR,63.8
Montana,Lemonious-Craig,M.Lemonious-Craig,PIT,WR,0.0
Kay'Ron,Lynch-Adams,K.Lynch-Adams,CAR,RB,0.0
Tre,Stewart,T.Stewart,MIN,RB,0.0
Rashod,Owens,R.Owens,CIN,WR,0.0
Elijah,Young,E.Young,BUF,RB,0.0
Chimere,Dike,C.Dike,TEN,WR,114.1
Jakobie,Keeney-James,J.Keeney-James,GB,WR,3.5
Dylan,Sampson,D.Sampson,CLE,RB,87.6
Josh,Kelly,J.Kelly,HOU,WR,0.0
Stephen,Gosnell,S.Gosnell,BUF,WR,0.0
Lucas,Scott,L.Scott,BAL,FB,0.0
Jack,Bech,J.Bech,LV,WR,42.400000000000006
Garrett,Greene,G.Greene,TB,WR,0.0
Pat,Bryant,P.Bryant,DEN,WR,74.80000000000001
Andrew,Armstrong,A.Armstrong,KC,WR,0.0
Monaray,Baldwin,M.Baldwin,MIA,WR,0.0
Raheim,Sanders,R.Sanders,CLE,RB,20.3
Elijhah,Badger,E.Badger,KC,WR,0.0
Demeer,Blankumsee,D.Blankumsee,NE,WR,0.0
Jahmal,Banks,J.Banks,BAL,WR,0.0
J.J.,Jones,J.Jones,JAX,WR,0.0
Junior,Bergen,J.Bergen,SF,WR,0.0
Kaden,Prather,K.Prather,BUF,WR,0.0
Zakhari,Franklin,Z.Franklin,LV,WR,0.0
Cam,Skattebo,C.Skattebo,NYG,RB,127.7
Ketron,Jackson Jr.,K.Jackson,LV,WR,0.0
Joaquin,Davis,J.Davis,MIN,WR,0.0
Coleman,Owen,C.Owen,IND,WR,0.0
Landon,Parker,L.Parker,IND,WR,0.0
Darius,Lassiter,D.Lassiter,JAX,WR,0.0
Jacolby,George,J.George,CAR,WR,0.0
Ja'Corey,Brooks,J.Brooks,WAS,WR,0.0
Dominic,Lovett,D.Lovett,DET,WR,0.0
Courtney,Jackson,C.Jackson,SEA,WR,0.0
Jayden,Higgins,J.Higgins,HOU,WR,129.5
Luther,Burden III,L.Burden,CHI,WR,127.9
Silas,Bolden,S.Bolden,HOU,WR,0.0
Darius,Cooper,D.Cooper,PHI,WR,18.200000000000003
Luke,Floriea,L.Floriea,CLE,WR,0.0
Tai,Felton,T.Felton,MIN,WR,5.5
Jordan,Bly,J.Bly,NYG,WR,0.0
Jackson,Meeks,J.Meeks,DET,WR,0.0
Ricky,White III,R.White,SEA,WR,23.1
Roc,Taylor,R.Taylor,PIT,WR,0.0
Tez,Johnson,T.Johnson,TB,WR,97.6
AJ,Henning,A.Henning,MIA,WR,0.0
Blayne,Taylor,B.Taylor,IND,WR,0.0
Mac,Dalena,M.Dalena,NYJ,WR,0.0
Dontae,Fleming,D.Fleming,MIN,WR,0.0
Dalevon,Campbell,D.Campbell,LAC,WR,0.0
Jerjuan,Newton,J.Newton,DEN,WR,0.0
Eli,Pancol,E.Pancol,IND,WR,0.0
Bryson,Green,B.Green,ARI,WR,0.0
Jimmy,Horn Jr.,J.Horn,CAR,WR,0.0
Tru,Edwards,T.Edwards,LA,WR,0.0
Elijah,Arroyo,E.Arroyo,SEA,TE,36.900000000000006
Konata,Mumpfield,K.Mumpfield,LA,WR,25.200000000000003
Ke'Shawn,Williams,K.Williams,CIN,WR,5.300000000000001
Giles,Jackson,G.Jackson,PHI,WR,0.0
Dalen,Cambre,D.Cambre,NYG,WR,0.0
Xavier,Guillory,X.Guillory,BAL,WR,0.0
Rivaldo,Fairweather,R.Fairweather,ARI,TE,0.0
Xavier,Restrepo,X.Restrepo,TEN,WR,7.1000000000000005
Kobe,Hudson,K.Hudson,CAR,WR,0.0
Devin,Neal,D.Neal,NO,RB,60.0
Marcus,Yarns,M.Yarns,NO,RB,0.0
Tommy,Mellott,T.Mellott,NO,WR,0.0
Jimmy,Holiday,J.Holiday,KC,WR,0.0
Beaux,Collins,B.Collins,NYG,WR,4.5
Isaiah,Neyor,I.Neyor,GB,WR,0.0
Da'Quan,Felton,D.Felton,NYG,WR,0.0
Brennan,Presley,B.Presley,LA,WR,0.0
Kisean,Johnson,Ki.Johnson,GB,WR,0.0
Daniel,Jackson,D.Jackson,HOU,WR,0.0
Theo,Wease Jr.,T.Wease,MIA,WR,25.9
Taylor,Morin,T.Morin,PHI,WR,0.0
Efton,Chism III,E.Chism,NE,WR,16.5
Luke,Grimm,L.Grimm,LAC,WR,0.0
Dorian,Singer,D.Singer,JAX,WR,0.0
TJ,Sheffield,T.Sheffield,TEN,WR,0.0
Kyrese,Rowan,K.Rowan,DEN,WR,0.0
Nick,Kallerup,N.Kallerup,SEA,TE,0.0
Moochie,Dixon,M.Dixon,NO,WR,0.0
Gage,Larvadain,G.Larvadain,CLE,WR,12.4
Savion,Williams,S.Williams,GB,WR,25.5
Isaac,TeSlaa,I.TeSlaa,DET,WR,75.9
Marshall,Lang,M.Lang,NE,TE,0.0
Cade,McDonald,C.McDonald,CLE,WR,0.0
Tre',Harris,T.Harris,LAC,WR,69.4
Nick,Nash,N.Nash,WAS,WR,0.0
Jalen,Royals,J.Royals,KC,WR,2.4
Jordan,Watkins,J.Watkins,SF,WR,4.6
Robert,Lewis,R.Lewis,MIN,WR,0.0
Tyler,Neville,T.Neville,DAL,TE,0.0
Drake,Dabney,D.Dabney,GB,TE,1.3
Jacoby,Jones,Ja.Jones,WAS,WR,3.5
Gunnar,Helm,G.Helm,TEN,TE,91.7
Key'Shawn,Smith,K.Smith,KC,WR,0.0
Maximilian,Mang,M.Mang,NYG,TE,0.0
Dymere,Miller,Dy.Miller,NYJ,WR,0.0
Jamaal,Pritchett,J.Pritchett,NYJ,WR,0.0
Tetairoa,McMillan,T.McMillan,CAR,WR,211.3
Luke,Deal,L.Deal,DET,TE,0.0
Jalin,Conyers,J.Conyers,MIA,TE,0.0
Jaylin,Lane,J.Lane,WAS,WR,37.2
Mario,Williams,M.Williams,LA,WR,0.0
LaJohntay,Wester,L.Wester,BAL,WR,-2.0
Kole,Taylor,K.Taylor,CIN,TE,0.0
Jaylin,Noel,J.Noel,HOU,WR,68.4
JJ,Galbreath,J.Galbreath,PIT,TE,0.0
Dont'e,Thornton Jr.,D.Thornton,LV,WR,23.5
JP,Richardson,J.Richardson,CHI,WR,0.0
Oscar,Cardenas,O.Cardenas,ARI,TE,0.0
Caleb,Lohner,C.Lohner,DEN,TE,0.0
Zach,Horton,Z.Horton,DET,TE,0.0
Quentin,Skinner,Q.Skinner,NYJ,WR,4.0
KeAndre,Lambert-Smith,K.Lambert-Smith,LAC,WR,16.1
John,Copenhaver,J.Copenhaver,JAX,TE,0.0
Jeremiah,Webb,J.Webb,NE,WR,0.0
Jackson,Hawes,J.Hawes,BUF,TE,52.7
Quincy,Skinner Jr.,Q.Skinner,ATL,WR,0.0
Terrance,Ferguson,T.Ferguson,LA,TE,52.1
Myles,Price,M.Price,MIN,WR,-6.0
Chris,Tyree,C.Tyree,NO,WR,0.0
Patrick,Herbert,P.Herbert,JAX,TE,0.0
Caden,Prieskorn,C.Prieskorn,CLE,TE,0.0
Keleki,Latu,K.Latu,BUF,TE,7.5
Pat,Conroy,P.Conroy,LV,TE,0.0
Tyler,Warren,T.Warren,IND,TE,188.5
Arian,Smith,Ar.Smith,NYJ,WR,0.0
Jake,Briningstool,J.Briningstool,KC,TE,0.0
Gavin,Bartholomew,G.Bartholomew,MIN,TE,0.0
Kyle,Williams,Ky.Williams,NE,WR,0.0
Mitchell,Evans,Mit.Evans,CAR,TE,0.0
Jahdae,Walker,J.Walker,CHI,WR,26.700000000000003
Seth,Green,S.Green,NO,TE,0.0
Sal,Cannella,S.Cannella,CLE,TE,3.1
Sam,Pitz,S.Pitz,BAL,TE,0.0
Luke,Lachey,L.Lachey,HOU,TE,0.0
Juice,Wells Jr.,J.Wells,NYG,WR,0.0
Bryson,Nesbit,B.Nesbit,MIN,TE,0.0
Bryce,Pierre,B.Pierre,CAR,TE,0.0
Colston,Loveland,C.Loveland,CHI,TE,165.1
Carter,Runyon,C.Runyon,LV,TE,1.3
CJ,Dippre,C.Dippre,NE,TE,0.0
Tre,Watson,T.Watson,KC,TE,0.0
Mark,Redman,M.Redman,LA,TE,0.0
Harold,Fannin Jr.,H.Fannin,CLE,TE,186.4
Moliki,Matavao,M.Matavao,NO,TE,3.0
Anthony,Torres,A.Torres,LA,TE,0.0
Thomas,Fidone II,T.Fidone,NYG,TE,0.0
Ben,Yurosek,B.Yurosek,MIN,TE,3.4000000000000004
Oronde,Gadsden,O.Gadsden,LAC,TE,131.4
Mason,Taylor,M.Taylor,NYJ,TE,88.9
Joshua,Simon,J.Simon,ATL,TE,0.0
Jermaine,Terry II,J.Terry,NYG,TE,0.0
Stevo,Klotz,S.Klotz,LAC,TE,0.0
Gee,Scott Jr.,G.Scott,WAS,TE,0.0
Jordan,Petaia,J.Petaia,LAC,TE,0.0
