first_name,last_name,team,position
Thomas,Morstead,SF,P
Johnny,Hekker,TEN,P
Jalen,Reeves-Maybin,CHI,LB
Logan,Cooke,JAX,P
Tommy,Townsend,HOU,P
Braden,Mann,PHI,P
Devin,Singletary,NYG,RB
Sean,Clifford,CIN,QB
Dyami,Brown,JAX,WR
Ja'Marr,Chase,CIN,WR
Kenneth,Gainwell,PIT,RB
Drake,London,ATL,WR
Dontayvion,Wicks,GB,WR
Mike,White,CAR,QB
Malik,Willis,GB,QB
Jacoby,Brissett,ARI,QB
C.J.,Beathard,DET,QB
Cooper,Rush,BAL,QB
Logan,Woodside,ARI,QB
Mason,Rudolph,PIT,QB
Carson,Wentz,MIN,QB
Jake,Browning,CIN,QB
Dak,Prescott,DAL,QB
Kirk,Cousins,ATL,QB
Brock,Purdy,SF,QB
Tua,Tagovailoa,MIA,QB
Nick,Mullens,JAX,QB
Daniel,Jones,IND,QB
Jared,Goff,DET,QB
Lamar,Jackson,BAL,QB
Patrick,Mahomes,KC,QB
Joe,Burrow,CIN,QB
Derrick,Henry,BAL,RB
Jakobi,Meyers,JAX,WR
Josh,Allen,BUF,QB
Russell,Wilson,NYG,QB
Tyson,Bagent,CHI,QB
Kyler,Murray,ARI,QB
Trevor,Lawrence,JAX,QB
Jalen,Hurts,PHI,QB
Marcus,Mariota,WSH,QB
Justin,Herbert,LAC,QB
Jimmy,Garoppolo,LAR,QB
Mac,Jones,SF,QB
Geno,Smith,LV,QB
Tyrod,Taylor,NYJ,QB
Baker,Mayfield,TB,QB
Jordan,Love,GB,QB
Desmond,Ridder,GB,QB
Case,Keenum,CHI,QB
Tommy,DeVito,NE,QB
C.J.,Stroud,HOU,QB
Easton,Stick,ATL,QB
Sam,Howell,PHI,QB
Drew,Lock,SEA,QB
Joshua,Dobbs,NE,QB
Mitchell,Trubisky,BUF,QB
Matthew,Stafford,LAR,QB
Gardner,Minshew,KC,QB
Aidan,O'Connell,LV,QB
Kenny,Pickett,LV,QB
Deshaun,Watson,CLE,QB
Justin,Fields,NYJ,QB
Sam,Darnold,SEA,QB
Jarrett,Stidham,DEN,QB
Joe,Flacco,CIN,QB
Zach,Wilson,MIA,QB
Bailey,Zappe,NYJ,QB
Bryce,Young,CAR,QB
Anthony,Richardson Sr.,IND,QB
Andy,Dalton,CAR,QB
Will,Levis,TEN,QB
Clayton,Tune,GB,QB
Tyler,Huntley,BAL,QB
Trevor,Siemian,TEN,QB
Taysom,Hill,NO,QB
Jameis,Winston,NYG,QB
Keenan,Allen,LAC,WR
Jeff,Driskel,WSH,QB
Christian,Kirk,HOU,WR
Brett,Rypien,MIN,QB
Davis,Mills,HOU,QB
Aaron,Rodgers,PIT,QB
DeAndre,Hopkins,BAL,WR
Tanner,Hudson,CIN,TE
Jonnu,Smith,PIT,TE
Chris,Godwin Jr.,TB,WR
Parris,Campbell,DAL,WR
Deebo,Samuel,WSH,WR
Kyle,Trask,ATL,QB
Cedrick,Wilson Jr.,MIA,WR
Josh,Jacobs,GB,RB
Cam,Akers,SEA,RB
Malik,Cunningham,DET,WR
DeeJay,Dallas,JAX,RB
Connor,Heyward,PIT,TE
Justin,Jefferson,MIN,WR
Tank,Dell,HOU,WR
Amon-Ra,St. Brown,DET,WR
De'Von,Achane,MIA,RB
Garrett,Wilson,NYJ,WR
Christian,McCaffrey,SF,RB
Kyren,Williams,LAR,RB
James,Cook III,BUF,RB
D'Andre,Swift,CHI,RB
James,Conner,ARI,RB
Najee,Harris,LAC,RB
Joe,Mixon,HOU,RB
David,Montgomery,DET,RB
Raheem,Mostert,LV,RB
Travis,Etienne Jr.,JAX,RB
Tony,Pollard,TEN,RB
Breece,Hall,NYJ,RB
Rachaad,White,TB,RB
Bijan,Robinson,ATL,RB
Saquon,Barkley,PHI,RB
Jahmyr,Gibbs,DET,RB
Isiah,Pacheco,KC,RB
Kenneth,Walker III,SEA,RB
Chuba,Hubbard,CAR,RB
Jerome,Ford,CLE,RB
Jaylen,Warren,PIT,RB
Javonte,Williams,DAL,RB
Jonathan,Taylor,IND,RB
Brian,Robinson Jr.,SF,RB
Alexander,Mattison,MIA,RB
Alvin,Kamara,NO,RB
Tyler,Allgeier,ATL,RB
Aaron,Jones Sr.,MIN,RB
Austin,Ekeler,WSH,RB
Rhamondre,Stevenson,NE,RB
AJ,Dillon,PHI,RB
Khalil,Herbert,NYJ,RB
Zach,Charbonnet,SEA,RB
Ty,Chandler,MIN,RB
Tyjae,Spears,TEN,RB
Zamir,White,LV,RB
Miles,Sanders,DAL,RB
Dameon,Pierce,KC,RB
Kareem,Hunt,KC,RB
Jaleel,McLaughlin,DEN,RB
Keaton,Mitchell,BAL,RB
Justice,Hill,BAL,RB
Rico,Dowdle,CAR,RB
Roschon,Johnson,CHI,RB
Royce,Freeman,LAC,RB
Pierre,Strong Jr.,GB,RB
Emari,Demercado,ARI,RB
Elijah,Mitchell,NE,RB
Antonio,Gibson,NE,RB
Chris,Rodriguez Jr.,WSH,RB
Samaje,Perine,CIN,RB
Clyde,Edwards-Helaire,KC,RB
Jordan,Mason,MIN,RB
Jeff,Wilson Jr.,MIA,RB
Michael,Carter,ARI,RB
Chase,Brown,CIN,RB
Craig,Reynolds,NE,RB
Rondale,Moore,MIN,WR
Chase,Edmonds,WSH,RB
Nick,Chubb,HOU,RB
Trey,Sermon,PIT,RB
Kendre,Miller,NO,RB
Patrick,Taylor Jr.,SF,RB
Ty,Johnson,BUF,RB
Tank,Bigsby,PHI,RB
Ronnie,Rivers,LAR,RB
Jayden,Reed,GB,WR
CeeDee,Lamb,DAL,WR
KaVontae,Turpin,DAL,WR
D'Ernest,Johnson,NE,RB
Chris,Brooks,GB,RB
Derius,Davis,LAC,WR
Damien,Harris,BUF,RB
Ameer,Abdullah,IND,RB
Puka,Nacua,LAR,WR
Tyler,Goodson,IND,RB
Wan'Dale,Robinson,NYG,WR
Emanuel,Wilson,GB,RB
Tre,Tucker,LV,WR
Kalif,Raymond,DET,WR
Ihmir,Smith-Marsette,NYG,WR
Keaontay,Ingram,KC,RB
Israel,Abanikanda,DAL,RB
Trayveon,Williams,CLE,RB
Xavier,Gipson,NYG,WR
Salvon,Ahmed,IND,RB
Calvin,Austin III,PIT,WR
Deven,Thompkins,ATL,WR
Zay,Flowers,BAL,WR
Velus,Jones Jr.,SEA,RB
Tyquan,Thornton,KC,WR
Xavier,Hutchinson,HOU,WR
Eric,Gray,NYG,RB
Raheem,Blackshear,NYJ,RB
DeMario,Douglas,NE,WR
Tyler,Scott,LAR,WR
Deuce,Vaughn,DEN,RB
Chris,Moore,WSH,WR
Curtis,Samuel,BUF,WR
Rashid,Shaheed,SEA,WR
Brandin,Cooks,BUF,WR
Dare,Ogunbowale,HOU,RB
Tutu,Atwell,LAR,WR
Ray-Ray,McCloud III,NYG,WR
Marvin,Mims Jr.,DEN,WR
Jameson,Williams,DET,WR
Demarcus,Robinson,SF,WR
Calvin,Ridley,TEN,WR
Hollywood,Brown,KC,WR
Skyy,Moore,SF,WR
Sean,Tucker,TB,RB
J.K.,Dobbins,DEN,RB
Trey,Palmer,NO,WR
DJ,Moore,CHI,WR
Bo,Melton,GB,CB
Gary,Brightwell,CIN,RB
Hunter,Luepke,DAL,RB
DeAndre,Carter,CLE,WR
Rashod,Bateman,BAL,WR
George,Pickens,DAL,WR
Treylon,Burks,WSH,WR
Tyreek,Hill,MIA,WR
Devin,Duvernay,CHI,WR
Kene,Nwangwu,NYJ,RB
Charlie,Jones,CIN,WR
Bam,Knight,ARI,RB
Adam,Prentice,DEN,FB
Jaylen,Waddle,MIA,WR
Braxton,Berrios,HOU,WR
Jonathan,Ward,BAL,RB
Christian,Watson,GB,WR
Keisean,Nixon,GB,CB
Elijah,Moore,DEN,WR
Blake,Gillikin,ARI,P
Khalil,Shakir,BUF,WR
Michael,Burton,DEN,FB
Ben,Skowronek,PIT,WR
Quentin,Johnston,LAC,WR
Harrison,Bryant,HOU,TE
Cedric,Tillman,CLE,WR
C.J.,Ham,MIN,FB
Nico,Collins,HOU,WR
Kyle,Juszczyk,SF,FB
Adam,Thielen,PIT,WR
Sterling,Shepard,TB,WR
Joshua,Palmer,BUF,WR
Elijah,Dotson,ATL,RB
Chig,Okonkwo,TEN,TE
Stefon,Diggs,NE,WR
Greg,Dortch,ARI,WR
Darnell,Mooney,ATL,WR
Dee,Eskridge,MIA,WR
Kendrick,Bourne,SF,WR
Nick,Bawden,HOU,RB
Van,Jefferson,TEN,WR
Sam,LaPorta,DET,TE
John,Metchie III,NYJ,WR
Andrew,Beck,NYJ,FB
Ashtyn,Davis,MIA,S
Mecole,Hardman Jr.,BUF,WR
Jake,Bobo,SEA,WR
George,Kittle,SF,TE
Ezekiel,Turner,DET,LB
Amani,Hooker,TEN,S
Kylen,Granson,PHI,TE
Cole,Kmet,CHI,TE
Jordan,Addison,MIN,WR
Dallas,Goedert,PHI,TE
Steven,Sims,ARI,WR
Noah,Gray,KC,TE
Jashaun,Corbin,NE,RB
Evan,Hull,NO,RB
Tress,Way,WSH,P
KhaDarel,Hodge,ATL,WR
Mark,Andrews,BAL,TE
Tyler,Conklin,LAC,TE
Alec,Ingold,MIA,FB
Nick,Niemann,GB,LB
Noah,Brown,WSH,WR
Teddy,Bridgewater,TB,QB
Trent,Taylor,SF,WR
Jamal,Agnew,WSH,WR
Gabe,Davis,BUF,WR
Cooper,Kupp,SEA,WR
Rashee,Rice,KC,WR
Kyle,Pitts Sr.,ATL,TE
Kyle,Allen,DET,QB
Cameron,Johnston,NYG,P
A.J.,Brown,PHI,WR
Brandon,Aiyuk,SF,WR
Mike,Evans,TB,WR
Michael,Pittman Jr.,IND,WR
Davante,Adams,LAR,WR
Chris,Olave,NO,WR
DK,Metcalf,PIT,WR
DeVonta,Smith,PHI,WR
Terry,McLaurin,WSH,WR
Travis,Kelce,KC,TE
Evan,Engram,DEN,TE
T.J.,Hockenson,MIN,TE
Tyler,Lockett,LV,WR
David,Njoku,CLE,TE
Trey,McBride,ARI,TE
Courtland,Sutton,DEN,WR
Josh,Downs,IND,WR
Darius,Slayton,NYG,WR
Jake,Ferguson,DAL,TE
Jerry,Jeudy,CLE,WR
Romeo,Doubs,GB,WR
Dalton,Kincaid,BUF,TE
Tee,Higgins,CIN,WR
Dalton,Schultz,HOU,TE
Jaxon,Smith-Njigba,SEA,WR
Josh,Reynolds,NYJ,WR
Michael,Wilson,ARI,WR
Darren,Waller,MIA,TE
K.J.,Osborn,ATL,WR
Jahan,Dotson,PHI,WR
Alec,Pierce,IND,WR
Tyler,Higbee,LAR,TE
Justin,Watson,HOU,WR
Cade,Otton,TB,TE
Hunter,Henry,NE,TE
Jonathan,Mingo,DAL,WR
Noah,Fant,CIN,TE
Isaiah,Likely,BAL,TE
Jalin,Hyatt,NYG,WR
Nick,Westbrook-Ikhine,MIA,WR
Juwan,Johnson,NO,TE
Durham,Smythe,CHI,TE
Tucker,Kraft,GB,TE
Luke,Musgrave,GB,TE
Zay,Jones,ARI,WR
Trenton,Irwin,NYJ,WR
Marquez,Valdes-Scantling,PIT,WR
Allen,Lazard,NYJ,WR
Pat,Freiermuth,PIT,TE
Michael,Mayer,LV,TE
Donald,Parham Jr.,PIT,TE
Brandon,Johnson,PIT,WR
Jalen,Tolbert,DAL,WR
Jauan,Jennings,SF,WR
JuJu,Smith-Schuster,KC,WR
Hunter,Renfrow,CAR,WR
Daniel,Bellinger,NYG,TE
Mack,Hollins,NE,WR
Colby,Parkinson,LAR,TE
A.T.,Perry,DEN,WR
Mike,Gesicki,CIN,TE
Austin,Hooper,NE,TE
Isaiah,Hodgins,NYG,WR
Brevin,Jordan,HOU,TE
Josh,Oliver,MIN,TE
Pharaoh,Brown,ARI,TE
Will,Mallory,IND,TE
Adam,Trautman,DEN,TE
Tommy,Tremble,CAR,TE
Foster,Moreau,NO,TE
Zach,Ertz,WSH,TE
Dawson,Knox,BUF,TE
Johnny,Mundt,JAX,TE
Will,Dissly,LAC,TE
Olamide,Zaccheaus,CHI,WR
Drew,Sample,CIN,TE
Elijah,Higgins,ARI,TE
Lil'Jordan,Humphrey,DEN,WR
Mo,Alie-Cox,IND,TE
Scotty,Miller,PIT,WR
Luke,Farrell,SF,TE
Stone,Smartt,NYJ,TE
John,Bates,WSH,TE
Jeremy,Ruckert,NYJ,TE
Drew,Ogletree,IND,TE
Quez,Watkins,PHI,WR
Terrace,Marshall Jr.,PHI,WR
Jordan,Akins,JAX,TE
Parker,Washington,JAX,WR
Robbie,Chosen,WSH,WR
Malik,Heath,ATL,WR
River,Cracraft,WSH,WR
Cole,Turner,MIA,TE
Andrei,Iosivas,CIN,WR
Robert,Tonyan,KC,TE
Lucas,Krull,DEN,TE
Davis,Allen,LAR,TE
David,Moore,CAR,WR
Josh,Whyle,GB,TE
Brock,Wright,DET,TE
Charlie,Kolar,BAL,TE
Trent,Sherfield Sr.,ARI,WR
Tim,Jones,JAX,WR
Samori,Toure,NO,WR
Ronnie,Bell,NO,WR
Josiah,Deguara,ARI,TE
Luke,Schoonmaker,DAL,TE
Jalen,Brooks,ARI,WR
Darnell,Washington,PIT,TE
Payne,Durham,TB,TE
Ian,Thomas,LV,TE
D.J.,Montgomery,IND,WR
Jason,Brownlee,KC,WR
Patrick,Ricard,BAL,FB
Julian,Hill,MIA,TE
Mike,Strachan,WSH,WR
Britain,Covey,PHI,WR
Grant,Calcaterra,PHI,TE
Jack,Stoll,NO,TE
Elijah,Cooks,NO,WR
Keith,Kirkwood,BAL,WR
Lawrence,Cager,WSH,TE
Brenton,Strange,JAX,TE
Teagan,Quitoriano,ATL,TE
Charlie,Woerner,ATL,TE
Khalil,Dorsey,DET,CB
Marcedes,Lewis,DEN,TE
Austin,Trammell,JAX,WR
Jalen,Nailor,MIN,WR
Kenny,Yeboah,DET,TE
James,Mitchell,CAR,TE
Quintin,Morris,JAX,TE
Greg,Dulcich,MIA,TE
Nick,Muse,NYJ,TE
Nate,Adkins,DEN,TE
Ben,Sims,MIN,TE
Kayshon,Boutte,NE,WR
Brandin,Echols,PIT,CB
Miles,Boykin,CHI,WR
Chris,Manhertz,NYG,TE
Laquon,Treadwell,IND,WR
Eric,Saubert,SEA,TE
Jakob,Johnson,HOU,FB
Ross,Dwelley,CAR,TE
John,FitzPatrick,GB,TE
Tylan,Wallace,BAL,WR
Tucker,Fisk,LAC,TE
Simi,Fehoko,ARI,WR
Tyler,Johnson,NYJ,WR
Mason,Kinsey,TEN,WR
Malcolm,Rodriguez,DET,LB
Greg,Van Roten,NYG,G
Dan,Skipper,DET,OT
Nick,Vannett,LAR,TE
Reggie,Gilliam,BUF,FB
Cole,Strange,MIA,G
Giovanni,Ricci,DET,TE
Ko,Kieft,TB,TE
Jeffery,Simmons,TEN,DT
Phillip,Dorsett II,LV,WR
James,Proche II,TEN,WR
JaMycal,Hasty,MIA,RB
Irvin,Charles,NYJ,WR
Albert,Okwuegbunam Jr.,LV,TE
Sean,McKeon,IND,TE
Travis,Homer,CHI,RB
Ben,Bredeson,TB,G
Jordan,Mims,TEN,RB
Shedrick,Jackson,LV,WR
Gunner,Olszewski,NYG,WR
Robert,Hainsey,JAX,C
T.J.,Watt,PIT,LB
Trey,Hendrickson,CIN,DE
Josh,Hines-Allen,JAX,DE
Khalil,Mack,LAC,LB
Danielle,Hunter,HOU,DE
Maxx,Crosby,LV,DE
Myles,Garrett,CLE,DE
Micah,Parsons,GB,DE
Nnamdi,Madubuike,BAL,DT
Montez,Sweat,CHI,DE
Jonathan,Greenard,MIN,LB
Denico,Autry,HOU,DE
Aidan,Hutchinson,DET,DE
Kayvon,Thibodeaux,NYG,LB
Haason,Reddick,TB,LB
Bradley,Chubb,MIA,LB
Leonard,Floyd,ATL,DE
Chris,Jones,KC,DT
Harold,Landry III,NE,LB
Nick,Bosa,SF,DE
George,Karlaftis,KC,DE
Zach,Sieler,MIA,DT
Bryce,Huff,SF,DE
Travon,Walker,JAX,DE
Jadeveon,Clowney,DAL,DE
Samson,Ebukam,IND,DE
Ed,Oliver,BUF,DT
Kyle,Van Noy,BAL,LB
Rashan,Gary,GB,DE
Boye,Mafe,SEA,LB
Kobie,Turner,LAR,DE
Carl,Granderson,NO,DE
Jonathon,Cooper,DEN,LB
Kwity,Paye,IND,DE
Christian,Barmore,NE,DT
Preston,Smith,WSH,LB
DeForest,Buckner,IND,DT
Brian,Burns,NYG,LB
D.J.,Wonnum,CAR,LB
Malcolm,Koonce,LV,DE
Dayo,Odeyingbo,CHI,DE
Nik,Bonitto,DEN,LB
Byron,Young,LAR,LB
Kenny,Clark,DAL,DT
Dorance,Armstrong,WSH,DE
Chase,Young,NO,DE
Jermaine,Johnson,NYJ,LB
Yaya,Diaby,TB,LB
Javon,Hargrave,MIN,DT
Jarran,Reed,SEA,DT
Charles,Omenihu,KC,DE
Alex,Highsmith,PIT,LB
Will,Anderson Jr.,HOU,DE
Calais,Campbell,ARI,DT
Demario,Davis,NO,LB
Bud,Dupree,LAC,LB
Joey,Bosa,BUF,DE
Josh,Sweat,ARI,LB
Mike,Danna,KC,DE
AJ,Epenesa,BUF,DE
Jaelan,Phillips,PHI,LB
Terrel,Bernard,BUF,LB
Quinton,Jefferson,DET,DT
Sheldon,Rankins,HOU,DT
Andrew,Van Ginkel,MIN,LB
Arden,Key,TEN,LB
Michael,Hoecht,BUF,DE
Antoine,Winfield Jr.,TB,S
Arnold,Ebiketie,ATL,LB
Dennis,Gardeck,JAX,LB
Jalen,Carter,PHI,DT
Leonard,Williams,SEA,DE
Za'Darius,Smith,PHI,DE
Jonathan,Allen,MIN,DT
Morgan,Fox,BUF,DE
Frankie,Luvu,WSH,LB
Vita,Vea,TB,DT
Darrell,Taylor,HOU,DE
Quinnen,Williams,DAL,DT
Devonte,Wyatt,GB,DT
Arik,Armstead,JAX,DT
Adam,Butler,LV,DT
Emmanuel,Ogbah,JAX,DE
Maliek,Collins,CLE,DT
Jihad,Ward,TEN,LB
Solomon,Thomas,DAL,DT
Zach,Allen,DEN,DE
Joe,Tryon-Shoyinka,CHI,DE
Odafe,Oweh,LAC,LB
Alim,McNeill,DET,DT
Greg,Rousseau,BUF,DE
Alex,Wright,CLE,DE
Lavonte,David,TB,LB
Deatrich,Wise Jr.,WSH,DE
Ogbo,Okoronkwo,PHI,DE
Justin,Jones,ARI,DT
B.J.,Hill,CIN,DT
Drue,Tranquill,KC,LB
Dre'Mont,Jones,BAL,DE
Dexter,Lawrence II,NYG,DT
Jordyn,Brooks,MIA,LB
Baron,Browning,ARI,LB
Yetur,Gross-Matos,SF,DE
Ernest,Jones IV,SEA,LB
Bryan,Bresee,NO,DT
Tuli,Tuipulotu,LAC,LB
Sam,Williams,DAL,DE
DeMarcus,Lawrence,SEA,DE
Dante,Fowler Jr.,DAL,DE
Tyquan,Lewis,IND,DE
Kaden,Elliss,ATL,LB
Daron,Payne,WSH,DT
Matthew,Judon,BUF,DE
David,Onyemata,ATL,DT
Victor,Dimukeje,NYG,LB
Karl,Brooks,GB,DE
Calijah,Kancey,TB,DT
BJ,Ojulari,ARI,LB
Lukas,Van Ness,GB,DE
Bobby,Wagner,WSH,LB
Eric,Kendricks,SF,LB
Roy,Robertson-Harris,NYG,DT
Tanoh,Kpassagnon,IND,DE
DeMarcus,Walker,WSH,DE
John,Franklin-Myers,DEN,DE
Robert,Spillane,NE,LB
Clelin,Ferrell,SF,DE
Mack,Wilson Sr.,ARI,LB
Patrick,Queen,PIT,LB
Zaven,Collins,ARI,LB
Jeremiah,Owusu-Koramoah,CLE,LB
Javon,Kinlaw,WSH,DT
Dante,Stills,ARI,DT
Tyree,Wilson,LV,DE
Brandon,Graham,PHI,DE
Harrison,Smith,MIN,S
Johnathan,Hankins,SEA,DT
Brent,Urban,BAL,DE
Dalvin,Tomlinson,ARI,DT
Alex,Anzalone,DET,LB
Sebastian,Joseph-Day,TEN,DE
Larry,Ogunjobi,BUF,DT
Harrison,Phillips,NYJ,DT
Anthony,Nelson,TB,LB
P.J.,Locke,DEN,S
Justin,Reid,NO,S
Osa,Odighizuwa,DAL,DT
Richie,Grant,NE,S
Joshua,Uche,PHI,LB
Nathan,Shepherd,NO,DT
Ifeatu,Melifonwu,MIA,S
Jamin,Davis,LV,LB
Kenneth,Murray Jr.,DAL,LB
Will,McDonald IV,NYJ,DE
Trent,McDuffie,KC,CB
Zach,Harrison,ATL,DE
Leo,Chenal,KC,LB
Myles,Murphy,CIN,DE
Nick,Herbig,PIT,LB
Drake,Jackson,WSH,DE
Devon,Witherspoon,SEA,CB
Kyle,Hamilton,BAL,S
DaQuan,Jones,BUF,DT
Jordan,Phillips,BUF,DT
Elandon,Roberts,LV,LB
Foyesade,Oluokun,JAX,LB
Derek,Barnett,HOU,DE
Bobby,Okereke,NYG,LB
T.J.,Edwards,CHI,LB
Terrell,Edmunds,LV,S
Fred,Warner,SF,LB
Tyrel,Dodson,MIA,LB
Devin,White,LV,LB
Leki,Fotu,HOU,DT
Jordan,Elliott,SF,DT
Joshua,Metellus,MIN,S
Azeez,Ojulari,PHI,LB
Quay,Walker,GB,LB
Jordan,Davis,PHI,DT
Gervon,Dexter Sr.,CHI,DT
Ivan,Pace Jr.,MIN,LB
Cameron,Jordan,NO,DE
Cameron,Heyward,PIT,DT
Alex,Singleton,DEN,LB
Mario,Edwards Jr.,HOU,DT
Jonathan,Bullard,NO,DE
Mike,Hilton,IND,CB
Quincy,Williams,NYJ,LB
Taven,Bryan,BAL,DT
Germaine,Pratt,IND,LB
Uchenna,Nwosu,SEA,LB
Marcus,Davenport,DET,DE
Jacob,Martin,WSH,DE
Sione,Takitaki,MIN,LB
Derwin,James Jr.,LAC,S
Blake,Cashman,MIN,LB
Jerry,Tillery,KC,DT
D.J.,Jones,DEN,DT
Broderick,Washington Jr.,BAL,DT
Arthur,Maulet,DET,CB
Zack,Baun,PHI,LB
Azeez,Al-Shaair,HOU,LB
Jonah,Williams,NO,DE
Derrick,Brown,CAR,DE
Kyzir,White,SF,LB
Julian,Okwara,CLE,LB
Tershawn,Wharton,CAR,DT
Jason,Pinnock,SF,S
K'Lavon,Chaisson,NE,LB
Nate,Landman,LAR,LB
Marlon,Tuipulotu,KC,DT
Desjuan,Johnson,LAR,DE
Tre'von,Moehrig,CAR,S
Kingsley,Enagbare,GB,DE
Roger,McCreary,LAR,CB
Jordan,Battle,CIN,S
Christian,Harris,HOU,LB
Ja'Quan,McMillian,DEN,CB
Jack,Campbell,DET,LB
Jaylen,Watson,KC,CB
Shelby,Harris,CLE,DT
Grady,Jarrett,CHI,DE
Maurice,Hurst II,CLE,DT
Bilal,Nichols,ARI,DT
Zaire,Franklin,IND,LB
Roquan,Smith,BAL,LB
Jerome,Baker,CLE,LB
Dre,Greenlaw,DEN,LB
Anfernee,Jennings,NE,LB
Kevin,Givens,SF,DT
Chauncey,Golston,NYG,DE
Kenny,Moore II,IND,CB
Grant,Delpit,CLE,S
Cam,Sample,CIN,DE
Malik,Herring,KC,DE
KJ,Henry,CLE,DE
Travis,Jones,BAL,DT
Kyle,Dugger,PIT,S
Dax,Hill,CIN,CB
Adetomiwa,Adebawore,IND,DT
John,Jenkins,BAL,DT
Jordan,Poyer,BUF,S
Rayshawn,Jenkins,CLE,S
Adam,Gotsis,TB,DT
Deion,Jones,TB,LB
DJ,Reader,DET,DT
Carlos,Watkins,TEN,DE
Marcus,Maye,LAC,S
Dawuane,Smoot,JAX,DE
Oren,Burks,CIN,LB
E.J.,Speed,HOU,LB
Jabrill,Peppers,PIT,S
Kentavius,Street,ATL,DT
Taron,Johnson,BUF,CB
Jalyn,Holmes,WSH,DE
Derrick,Nnadi,KC,DT
Jahlani,Tavai,NE,LB
Poona,Ford,LAR,DT
Da'Shawn,Hand,LAC,DT
Greg,Gaines,TB,DT
Mike,Edwards,KC,S
Ronnie,Harrison Jr.,ATL,LB
Neville,Gallimore,IND,DT
Trevis,Gipson,CAR,LB
Logan,Wilson,DAL,LB
Tim,Settle Jr.,HOU,DT
Rasul,Douglas,MIA,CB
Ben,Stille,ATL,DT
Benito,Jones,MIA,DT
Isaiah,Simmons,CAR,LB
Marlon,Davidson,HOU,DT
Janarius,Robinson,KC,DE
Patrick,Jones II,CAR,LB
Divine,Deablo,ATL,LB
Troy,Dye,LAC,LB
Myles,Bryant,HOU,CB
Levi,Onwuzurike,DET,DE
Myles,Adams,DET,DE
Elijah,Garcia,ATL,DT
Jalen,Thompson,ARI,S
Jeremy,Chinn,LV,S
Eric,Johnson II,IND,DT
Amik,Robertson,DET,CB
Nate,Hobbs,GB,CB
C.J.,Henderson,ATL,CB
Tre,Brown,NYJ,CB
Kam,Curl,LAR,S
J.J.,Russell,ARI,LB
Keion,White,SF,DE
Kalia,Davis,SF,DT
Mark,Robinson,CLE,LB
Jack,Gibbens,NE,LB
Benjamin,St-Juste,LAC,CB
Robert,Beal Jr.,SF,DE
Isaiah,Pola-Mao,LV,S
Willie,Gay Jr.,MIA,LB
Josh,Paschal,DET,DE
Derrick,Barnes,DET,LB
Ta'Quon,Graham,PHI,DE
Kader,Kohou,MIA,CB
Jonathan,Owens,CHI,S
Quan,Martin,WSH,S
Jordan,Howden,NO,S
Kyler,Gordon,CHI,CB
Joseph,Ossai,CIN,DE
Ar'Darius,Washington,BAL,S
Alontae,Taylor,NO,CB
Micah,McFadden,NYG,LB
Jack,Sanborn,DAL,LB
Markees,Watts,TB,LB
Teair,Tart,LAC,DT
Jonathan,Harris,MIN,DE
Nolan,Smith Jr.,PHI,LB
Mazi,Smith,NYJ,DT
DeMarvin,Leal,PIT,DE
David,Ojabo,BAL,LB
Dane,Belton,NYG,S
Keeanu,Benton,PIT,DT
Isaiah,McGuire,CLE,DE
Kelee,Ringo,PHI,CB
Antonio,Johnson,JAX,S
Trenton,Simpson,BAL,LB
Cameron,Mitchell,IND,CB
Jaquan,Brisker,CHI,S
DJ,Turner II,CIN,CB
Isaiah,Land,DAL,LB
Christian,Gonzalez,NE,CB
Tavius,Robinson,BAL,LB
Brian,Branch,DET,S
Rakeem,Nunez-Roches,NYG,DT
Denzel,Perryman,LAC,LB
Eli,Apple,SF,CB
Josh,Woods,ATL,LB
Shy,Tuttle,WSH,DT
Cam,Bynum,IND,S
Taylor,Rapp,BUF,S
Grover,Stewart,IND,DT
Milton,Williams,NE,DE
Isaiah,McDuffie,GB,LB
Micheal,Clemons,NYJ,DE
Xavier,McKinney,GB,S
Pete,Werner,NO,LB
D.J.,Davidson,NYG,DT
Dominique,Robinson,CHI,DE
Troy,Andersen,ATL,LB
Kurt,Hinish,HOU,DT
Logan,Hall,TB,DE
Greg,Newsome II,JAX,CB
Andre,Cisco,NYJ,S
Bobby,Brown III,CAR,DT
Zacch,Pickens,KC,DT
Nakobe,Dean,PHI,LB
Isaiah,Foskey,CIN,DE
Colby,Wooden,GB,DT
Felix,Anudike-Uzomah,KC,DE
JJ,Jansen,CAR,LS
Trent,Williams,SF,OT
Jason,Pierre-Paul,TB,LB
Jon,Weeks,SF,LS
Morgan,Cox,TEN,LS
Von,Miller,WSH,LB
Nick,Bellore,WSH,LB
Jake,McQuaide,LAR,LS
Kevin,Zeitler,TEN,G
Bryan,Anger,DAL,P
Josh,Harris,LAC,LS
Charley,Hughlett,PHI,LS
Andrew,DePaola,MIN,LS
Darius,Slay,BUF,CB
David,Quessenberry,LAR,OT
Brandon,McManus,GB,PK
James,Winchester,KC,LS
Jimmie,Ward,HOU,S
Joel,Bitonio,CLE,G
Cornelius,Lucas,CLE,OT
Mike,Pennel,KC,DT
Casey,Kreiter,NYG,LS
Tyler,Ott,WSH,LS
C.J.,Goodwin,DAL,CB
Laken,Tomlinson,BAL,G
Rick,Lovato,LAC,LS
Luke,Rhodes,IND,LS
Kevin,Byard III,CHI,S
Miles,Killebrew,PIT,S
Zach,Wood,NO,LS
Joe,Cardona,MIA,LS
Lucas,Patrick,CIN,G
Jake,Brendel,SF,C
Quandre,Diggs,SEA,S
Riley,Dixon,TB,P
Joe,Thuney,CHI,G
Ryan,Kelly,MIN,C
Wes,Schweitzer,NYJ,G
George,Fant,WSH,OT
Deon,Bush,KC,S
Eric,Murray,JAX,S
Jonathan,Jones,WSH,CB
D.J.,Humphries,LAR,OT
Ka'imi,Fairbairn,HOU,PK
Fabian,Moreau,MIN,CB
Kevon,Seymour,WSH,CB
Dean,Lowry,PIT,DT
Damontae,Kazee,DET,S
Sheldon,Day,WSH,DT
Jalen,Mills,DET,S
Reid,Ferguson,BUF,LS
Chris,Wormley,IND,DT
Shaq,Thompson,BUF,LB
Christian,Kuntz,PIT,LS
Xavien,Howard,IND,CB
Austin,Johnson,JAX,DT
Josh,Tupou,BAL,DT
Pat,O'Connor,DET,DE
Thomas,Hennessy,NYJ,LS
Xavier,Woods,TEN,S
Parry,Nickerson,PHI,CB
Daryl,Worley,WSH,S
Tre'Davious,White,BUF,CB
Folorunso,Fatukasi,HOU,DT
Jourdan,Lewis,JAX,CB
Anthony,Walker Jr.,TB,LB
Jalen,Ramsey,PIT,CB
Wyatt,Teller,CLE,G
Matt,Milano,BUF,LB
Tre,Flowers,PIT,CB
George,Odum,IND,S
Mike,Ford Jr.,ATL,CB
Zach,Cunningham,DET,LB
Andrew,Billings,CHI,DT
Daniel,Carlson,LV,PK
Carl,Lawson,BAL,DE
Artie,Burns,MIA,CB
Daniel,Ekuale,PIT,DT
Chidobe,Awuzie,BAL,CB
Coleman,Shelton,LAR,C
Trent,Sieg,DAL,LS
Mike,McGlinchey,DEN,OT
Michael,Davis,NO,CB
Shaquill,Griffin,SEA,CB
A'Shawn,Robinson,CAR,DE
Antonio,Hamilton Sr.,WSH,CB
Eric,Wilson,MIN,LB
Siran,Neal,SF,CB
Neville,Hewitt,NYG,LB
Chris,Board,NYG,LB
Zach,Triner,WSH,LS
Jamal,Adams,LV,LB
Davon,Godchaux,NO,DT
Will,Clapp,NO,C
J.T.,Gray,TB,S
Elgton,Jenkins,GB,C
Luke,Gifford,SF,LB
Troy,Reeder,LAR,LB
Nick,Scott,CAR,S
Orlando,Brown Jr.,CIN,OT
Ty,Summers,CHI,LB
L.J.,Collier,ARI,DE
M.J.,Stewart,HOU,S
Cole,Holcomb,PIT,LB
Adoree',Jackson,PHI,CB
Malik,Hooker,DAL,S
Marshon,Lattimore,WSH,CB
Khalen,Saunders,NYJ,DT
Donovan,Wilson,DAL,S
Ahkello,Witherspoon,LAR,CB
Isaac,Yiadom,NO,CB
Marcus,Williams,LAC,S
Trent,Scott,WSH,OT
Avonte,Maddox,DET,CB
Joey,Slye,TEN,PK
Jason,Sanders,MIA,PK
Nik,Needham,NYJ,CB
Dalton,Risner,CIN,G
Jeremy,Reaves,WSH,S
Jalen,Davis,CIN,CB
Marlon,Humphrey,BAL,CB
Budda,Baker,ARI,S
Kaleb,McGary,ATL,OT
Jeremy,McNichols,WSH,RB
Chris,Lammons,IND,CB
Quenton,Nelson,IND,G
Tytus,Howard,HOU,OT
Kyle,Peko,LAC,DT
Matt,Dickerson,JAX,DE
Tremon,Smith,HOU,CB
Mitchell,Fraboni,DEN,LS
Marcus,Epps,PHI,S
D.J.,Reed,DET,CB
D'Angelo,Ross,CLE,CB
Ben,Niemann,LAR,LB
Chris,Lindstrom,ATL,G
Donte,Jackson,LAC,CB
Jaylinn,Hawkins,NE,S
Yosh,Nijman,CAR,OT
Jamel,Dean,TB,CB
Ugo,Amadi,NO,S
James,Daniels,MIA,G
Jaire,Alexander,PHI,CB
Dane,Jackson,BUF,CB
Mike,Hughes,ATL,CB
Christian,Rozeboom,CAR,LB
Rock,Ya-Sin,DET,CB
Will,Harris,WSH,S
Darnell,Savage,BUF,S
Isaiah,Oliver,NYJ,S
DaVon,Hamilton,JAX,DT
Liam,McCullough,ATL,LS
Denzel,Ward,CLE,CB
Terence,Steele,DAL,OT
Jack,Fox,DET,P
Geron,Christian,DEN,OT
Cam,Lewis,BUF,CB
Carlton,Davis III,NE,CB
Akeem,Davis-Gaither,ARI,LB
Tyler,Bass,BUF,PK
Erik,McCoy,NO,C
Mike,Jackson,CAR,CB
Juan,Thornhill,JAX,S
Andrew,Wingard,JAX,S
Jessie,Bates III,ATL,S
Justin,Strnad,DEN,LB
Matt,Peart,DEN,OT
Minkah,Fitzpatrick,MIA,S
Kendall,Sheffield,MIA,CB
Jacob,Bobenmoyer,LV,LS
Cody,Barton,TEN,LB
Ross,Matiscik,JAX,LS
Dan,Chisena,CAR,WR
Kris,Boyd,NYJ,CB
DeShon,Elliott,PIT,S
Jon,Runyan,NYG,G
Tremaine,Edmunds,CHI,LB
Demetrius,Flannigan-Fowles,NYG,LB
Andre,James,LAC,C
Zayne,Anderson,GB,S
Sean,Murphy-Bunting,ARI,CB
Elijah,Campbell,MIA,S
Greg,Joseph,LV,KR
Robert,Rochell,CAR,CB
Connor,McGovern,BUF,C
Jake,Hansen,HOU,LB
Sam,Kamara,CLE,DT
C.J.,Gardner-Johnson,CHI,S
Jeremiah,Moon,PIT,LB
Luke,Fortner,NO,C
Christian,Holmes,CLE,CB
Kristian,Fulton,KC,CB
K'Von,Wallace,HOU,S
John,Simpson,NYJ,G
Daniel,Thomas,DET,S
Landon,Dickerson,PHI,G
Julian,Blackmon,NO,S
Terrell,Burgess,NO,S
Jack,Jones,MIA,CB
Tyler,Biadasz,WSH,C
Isaiahh,Loudermilk,PIT,DT
Krys,Barnes,CAR,LB
Brandon,Stephens,NYJ,CB
Cameron,Goode,MIA,LB
Damar,Hamlin,BUF,S
Kristian,Welch,GB,LB
Nick,McCloud,CHI,CB
DJ,Turner,LV,WR
Devin,Bush,CLE,LB
Shemar,Jean-Charles,SEA,CB
Joe,Bachie,TEN,LB
Kindle,Vildor,TB,CB
Darrell,Baker Jr.,TEN,CB
Boogie,Basham,LV,LB
Charvarius,Ward,IND,CB
Tomon,Fox,NYG,LB
Chazz,Surratt,SEA,LB
Bryce,Hall,TB,CB
Ben,Powers,DEN,G
Amen,Ogbongbemiga,CHI,LB
A.J.,Green III,MIA,CB
Keir,Thomas,LAR,LB
Byron,Murphy Jr.,MIN,CB
Khalid,Kareem,ATL,LB
Brandon,Jones,DEN,S
Malcolm,Roach,DEN,DT
Alohi,Gilman,BAL,S
Jack,Heflin,LAR,DE
L'Jarius,Sneed,TEN,CB
Aaron,Brewer,MIA,C
Jordan,Fuller,ATL,S
Malik,Harrison,PIT,LB
Roy,Lopez,DET,DT
Jabril,Cox,MIN,LB
Dillon,Radunz,NO,G
Cordell,Volson,CIN,G
Trevon,Diggs,GB,CB
Sam,Franklin Jr.,BUF,S
Curtis,Robinson,SF,LB
Timmy,Horne,TEN,DT
David,Long Jr.,CAR,CB
Julian,Love,SEA,S
Liam,Eichenberg,MIA,OT
Naquan,Jones,HOU,DT
Jaylon,Jones,CHI,CB
Chase,Lucas,SF,CB
Brenden,Schooler,NE,S
Ezra,Cleveland,JAX,G
Tyler,Hall,SEA,CB
Caleb,Johnson,MIA,LB
Sam,Roberts,ATL,DT
Darrick,Forrest,PIT,S
Coby,Bryant,SEA,S
Darious,Williams,LAR,CB
Hunter,Long,JAX,TE
A.J.,Terrell Jr.,ATL,CB
Baylon,Spector,BUF,LB
Cory,Durden,NE,DT
Russ,Yeast,CIN,S
Larrell,Murchison,LAR,DE
Trenton,Gill,ATL,P
Grant,Stuard,DET,LB
Payton,Turner,DAL,DE
Kingsley,Jonathan,NYJ,DE
Ja'Sir,Taylor,NYJ,CB
Zach,Tom,GB,OT
Michael,Carter II,PHI,CB
Josh,Blackwell,CHI,CB
Chris,Rumph II,NO,DE
Del'Shawn,Phillips,LAC,LB
Tony,Adams,NYJ,S
Bryce,Baringer,NE,P
Vederian,Lowe,NE,OT
Geno,Stone,CIN,S
Tristan,Wirfs,TB,OT
Marco,Wilson,CIN,CB
Malik,Davis,DAL,RB
James,Houston,DAL,DE
T.J.,Slaton Jr.,CIN,DT
Zachary,Carter,ARI,DT
DJ,Johnson,WSH,LB
Jordon,Riley,GB,DT
Monty,Rice,DET,LB
Damarri,Mathis,CAR,CB
Cal,Adomitis,PIT,LS
Carter,Warren,MIA,OT
Lonnie,Johnson Jr.,LV,S
Joey,Blount,ARI,S
Buddy,Johnson,IND,LB
D'Marco,Jackson,CHI,LB
Jalen,Pitre,HOU,S
Jake,Hummel,BAL,LB
Creed,Humphrey,KC,C
Phidarian,Mathis,BUF,DT
LaBryan,Ray,CAR,DE
Daiyan,Henley,LAC,LB
Nephi,Sewell,NO,LB
Marcus,Jones,NE,CB
Garret,Wallow,SF,LB
Markquese,Bell,DAL,S
Jeff,Okudah,MIN,CB
Thayer,Munford Jr.,NE,OT
Montaric,Brown,JAX,CB
Ed,Ingram,HOU,G
Rashawn,Slater,LAC,OT
Earnest,Brown IV,DAL,DE
Matt,Henningsen,DEN,DE
Elijah,Hicks,CHI,S
Theo,Jackson,MIN,S
Matthew,Butler,MIA,DT
Trey,Smith,KC,G
Deommodore,Lenoir,SF,CB
Noah,Igbinoghene,WSH,CB
K.J.,Britt,MIA,LB
Paulson,Adebo,NYG,CB
Drew,Dalman,CHI,C
Darnay,Holmes,LV,CB
Mykal,Walker,NYJ,LB
Brady,Russell,SEA,FB
Jaylon,Johnson,CHI,CB
Devin,Lloyd,JAX,LB
Elijah,Molden,LAC,CB
DeAngelo,Malone,ATL,LB
Alex,Ward,LAR,LS
Patrick,Johnson,PHI,LB
Reed,Blankenship,PHI,S
Mike,Brown,TEN,S
Akayleb,Evans,CAR,CB
Sidy,Sow,HOU,G
Riq,Woolen,SEA,CB
Christian,Elliss,NE,LB
Benton,Whitley,TB,LB
Bryan,Cook,KC,S
Ty,Okada,SEA,S
John,Ridgeway III,NO,DT
Rodney,Thomas II,IND,S
Josh,Hayes,TB,CB
Marte,Mapu,NE,LB
DaRon,Bland,DAL,CB
Matt,Gay,SF,PK
Quentin,Lake,LAR,S
Andre,Jones Jr.,BUF,DE
Jack,Cochrane,KC,LB
Zyon,McCollum,TB,CB
Tristin,McCollum,LV,S
Khyiris,Tonga,NE,DT
Tycen,Anderson,CIN,S
James,Hudson III,NYG,OT
Brad,Robbins,LV,P
Ambry,Thomas,PHI,CB
Raheem,Layne,NYG,S
Jon,Rhattigan,LV,LB
James,Pierre,PIT,CB
Tre,Avery,CLE,CB
Ameer,Speed,HOU,CB
Eric,Stokes,LV,CB
Tariq,Castro-Fields,PHI,CB
Chris,Stoll,SEA,LS
Jay,Tufele,NYJ,DT
Brandon,Pili,SEA,DT
Quinton,Bohanna,GB,DT
Jordan,Stout,BAL,P
Segun,Olubi,IND,LB
Samuel,Womack III,NYJ,CB
Jordan,Mailata,PHI,OT
Tavierre,Thomas,MIN,S
Brian,Asamoah II,CIN,LB
Delarrin,Turner-Yell,DEN,S
Brayden,Willis,SF,TE
Derion,Kendrick,LAR,CB
Kerby,Joseph,DET,S
Sydney,Brown,PHI,S
JuJu,Brents,MIA,CB
Kaevon,Merriweather,HOU,S
Juanyeh,Thomas,DAL,S
Mekhi,Blackmon,IND,CB
Ethan,Bonner,MIA,CB
Nick,Hampton,LAR,LB
Yasir,Abdullah,JAX,LB
Talanoa,Hufanga,DEN,S
Kana'i,Mauga,PIT,LB
Terell,Smith,CHI,CB
Cam,Jurgens,PHI,C
Cam,Taylor-Britt,CIN,CB
Eku,Leota,ARI,LB
Jamien,Sherwood,NYJ,LB
Tyreke,Smith,KC,DE
Jesse,Luketa,LAR,LB
PJ,Mustipher,ARI,DT
Rasheed,Walker,GB,OT
Cameron,Thomas,CLE,DE
Chad,Muma,NE,LB
Anthony,Johnson Jr.,NYG,S
Cade,Mays,CAR,C
Tanner,McCalister,DEN,S
Jarrick,Bernard-Converse,NYG,CB
Tyler,Lacy,DET,DT
Chamarri,Conner,KC,S
Christian,Darrisaw,MIN,OT
Cameron,Dicker,LAC,PK
D'Shawn,Jamison,PIT,CB
Moro,Ojomo,PHI,DT
Ochaun,Mathis,NYJ,LB
DJ,Ivey,CIN,CB
Damone,Clark,HOU,LB
Nick,Bolton,KC,LB
Jaycee,Horn,CAR,CB
Israel,Mukuamu,CAR,S
Darius,Rush,WSH,CB
JT,Woods,NYJ,S
Asante,Samuel Jr.,PIT,CB
Percy,Butler,WSH,S
Starling,Thomas V,ARI,CB
Patrick,O'Connell,SEA,LB
Brodric,Martin-Rhodes,LV,DT
Otito,Ogbonnia,LAC,DT
Julius,Chestnut,TEN,RB
Cam,Jones,NYJ,LB
Pat,Surtain II,DEN,CB
Jalyn,Armour-Davis,TEN,CB
Josh,Jobe,SEA,CB
Chance,Campbell,PHI,LB
Ben,VanSumeren,PHI,FB
Cameron,McGrone,CLE,LB
Christian,Izien,TB,S
Scott,Matlock,LAC,FB
Jevon,Holland,NYG,S
Kahlef,Hailassie,MIN,CB
Dylan,Horton,HOU,DE
LaCale,London,ATL,DE
Tyson,Campbell,CLE,CB
Otis,Reese IV,NE,LB
Chris,Smith II,NYJ,S
Channing,Tindall,ARI,LB
Christian,Benford,BUF,CB
Luke,Goedeke,TB,OT
Riley,Moss,DEN,CB
Cobie,Durant,LAR,CB
Andrew,Farmer,SF,LB
Dareke,Young,SEA,WR
Dee,Alford,ATL,CB
Trey,Pipkins III,LAC,OT
Corey,Ballentine,DAL,CB
Anthony,Pittman,DET,LB
Henry,To'oTo'o,HOU,LB
Tyrique,Stevenson,CHI,CB
Nick,Cross,IND,S
Derek,Stingley Jr.,HOU,CB
Joey,Porter Jr.,PIT,CB
Alex,Austin,NE,CB
Kei'Trel,Clark,ARI,CB
Ikem,Ekwonu,CAR,OT
AJ,Finley,SEA,S
Sauce,Gardner,IND,CB
Tre,Tomlinson,SF,CB
Nic,Jones,NYG,CB
Kyu Blu,Kelly,LV,CB
Deonte,Banks,NYG,CB
Drake,Thomas,SEA,LB
Dee,Winters,SF,LB
Broderick,Jones,PIT,OT
Eli,Ricks,PHI,CB
Jaquelin,Roy,NE,DT
Clark,Phillips III,ATL,CB
SirVocea,Dennis,TB,LB
Martin,Emerson Jr.,CLE,CB
Cor'Dale,Flott,NYG,CB
Emmanuel,Forbes Jr.,LAR,CB
Jammie,Robinson,ATL,S
Luke,Wypler,CLE,C
Noah,Sewell,CHI,LB
Carrington,Valentine,GB,CB
DeMarcco,Hellams,ATL,S
Byron,Young,PHI,DT
Owen,Pappoe,ARI,LB
Derick,Hall,SEA,LB
Kaiir,Elam,TEN,CB
Mohamoud,Diabate,CLE,LB
Gervarrius,Owens,CHI,S
Jay,Ward,MIN,S
Garrett,Williams,ARI,CB
Matthew,Bergeron,ATL,G
Dorian,Williams,BUF,LB
Tyler,Smith,DAL,G
Ronnie,Hickman,CLE,S
Jerrick,Reed II,TEN,S
Jalen,Graham,SF,LB
Nahshon,Wright,CHI,CB
Mike,Morris,SEA,DE
Andre,Carter II,WSH,LB
Quinn,Meinerz,DEN,G
D'Anthony,Bell,CAR,S
Ben,Bartch,SF,G
Jaylon,Jones,IND,CB
Drew,Sanders,DEN,LB
Darrell,Luter Jr.,SF,CB
Perrion,Winfrey,DAL,DT
Tre,Hawkins III,WSH,CB
Jakorian,Bennett,PHI,CB
Tyrus,Wheat,DET,DE
Deane,Leonard,LAC,CB
Anton,Harrison,JAX,OT
Ji'Ayir,Brown,SF,S
Thomas,Incoom,CAR,LB
Caleb,Murphy,NYG,LB
Dallis,Flowers,CHI,CB
Joshua,Williams,KC,CB
Jeremiah,Pharms Jr.,NE,DT
Anthony,Kendall,CLE,CB
Trevor,Nowaske,DET,LB
Nick,Folk,NYJ,PK
Matt,Prater,BUF,PK
Graham,Gano,NYG,PK
Chris,Boswell,PIT,PK
Cairo,Santos,CHI,PK
Jason,Myers,SEA,PK
Wil,Lutz,DEN,PK
Younghoe,Koo,NYG,PK
Jake,Elliott,PHI,PK
Harrison,Butker,KC,PK
Michael,Badgley,BUF,PK
Chase,McLaughlin,TB,PK
Jamie,Gillan,NYG,P
Brandon,Aubrey,DAL,PK
Eddy,Pineiro,SF,PK
Riley,Patterson,MIA,PK
Lucas,Havrisik,GB,PK
Blake,Grupe,IND,PK
Evan,McPherson,CIN,PK
Chad,Ryland,ARI,PK
Jake,Moody,WSH,PK
Corey,Levin,TEN,C
Bradley,Pinion,ATL,P
Matthew,Wright,BUF,PK
Rigoberto,Sanchez,IND,P
Jake,Bailey,MIA,P
Mitch,Wishnowsky,BUF,P
Corey,Bojorquez,CLE,P
Tyler,Linderbaum,BAL,C
Ryan,Wright,MIN,P
Ethan,Evans,LAR,P
Sam,Martin,CAR,P
Matt,Haack,ARI,P
JK,Scott,LAC,P
AJ,Cole,LV,P
Michael,Dickson,SEA,P
Daniel,Whelan,GB,P
Andre,Baccellia,ARI,WR
Michael,Bandy,DEN,WR
Damarion,Williams,TB,CB
Cole,Christiansen,KC,LB
Cody,Mauch,TB,G
Anthony,Firkser,DET,TE
Philip,Rivers,IND,QB
Max,Yates,MIN,LB
Tony,Bua,MIA,DB
Robert,Johnson,WSH,TE
Jason,Anderson,HOU,RB
Chad,Slaughter,LV,OT
Marcus,Vick,MIA,WR
Jeb,Terry,TB,OG
Jovon,Johnson,PIT,DB
Jason,Pociask,NYJ,TE
Ronnie,Ghent,NO,TE
Michael,Gasperson,PHI,WR
Tim,Massaquoi,BUF,TE
Jason,Rader,ATL,TE
Tyson,DeVree,NE,TE
Brandon,Harrison,HOU,DB
Josh,Johnson,WSH,QB
Justin,Harper,BAL,WR
Jake,Allen,CLE,WR
Malcolm,Jenkins,NO,S
Pierre,Walters,KC,LB
Jerome,Johnson,ARI,FB
John,Matthews,JAX,WR
Caleb,Campbell,KC,LB
Todd,Carter,CAR,PK
Maurice,Simpkins,GB,LB
Kerry,Meier,ATL,WR
Joe,Hastings,SF,WR
Collin,Franklin,TB,TE
Will,Yeatman,MIA,OT
Chris,Smith,NYJ,CB
Matt,Tennant,PHI,C
Aaron,Brewer,ARI,LS
Ben,Bass,NE,DE
Michael,Campbell,NYJ,WR
Ryan,Spadola,MIA,WR
Kelvin,Beachum,ARI,OT
Shawn,Williams,ATL,S
Tony,Jefferson,LAC,S
Shelton,Johnson,TB,S
Daren,Bates,ATL,LB
Jeff,Heath,NO,S
Pat,O'Donnell,ARI,P
Lane,Johnson,PHI,OT
Jake,Matthews,ATL,OT
Morgan,Moses,NE,OT
Alex,Bayer,LAR,TE
Kendall,Lamm,MIA,OT
Eddie,Goldman,WSH,DT
Kenny,Anunike,NYJ,DL
Tevin,McDonald,LV,S
Bobby,Hart,LAC,OT
Tajae,Sharpe,SF,WR
Chester,Rogers,CLE,WR
Rob,Havenstein,LAR,OT
Chris,Milton,MIA,CB
Johnny,Maxey,TEN,DE
Taylor,Decker,DET,OT
Andrus,Peat,PIT,G
Ken,Crawley,SF,CB
KeiVarae,Russell,NO,CB
Chris,Hubbard,DET,G
Graham,Glasgow,DET,C
Isaac,Seumalo,PIT,G
Jack,Conklin,CLE,OT
Chuck,Clark,PIT,S
Al-Quadin,Muhammad,DET,LB
David,Sharpe,PIT,OT
Garett,Bolles,DEN,OT
Zane,Gonzalez,ATL,PK
Ethan,Pocic,CLE,C
Marcus,Kemp,WSH,WR
Nyheim,Hines,NO,RB
Justin,Jackson,DET,RB
Ronald,Jones,DAL,RB
Tim,Patrick,JAX,WR
Dante,Pettis,NO,WR
Russell,Gage Jr.,SF,WR
Derrick,Willies,CLE,WR
Malik,Turner,SF,WR
Dion,Dawkins,BUF,OT
Isaiah,Ford,CHI,WR
Germain,Ifedi,MIA,G
Jeremiah,McKinnon,PHI,CB
Colby,Gossett,NO,G
Laremy,Tunsil,WSH,OT
Elijah,Wilkinson,ATL,OT
Brandon,Parker,SF,OT
Braden,Smith,IND,OT
Cornell,Armstrong,MIA,CB
Frank,Ragnow,DET,C
Anthony,Wint,NYJ,LB
Chukwuma,Okorafor,NYJ,OT
Kolton,Miller,LV,OT
Connor,Williams,SEA,C
Will,Grier,DAL,QB
Brandon,Allen,TEN,QB
Myles,Gaskin,SEA,RB
John,Franklin,TB,WR
Christian,Blake,PIT,WR
Stephen,Carlson,CHI,TE
Stanley,Morgan Jr.,TEN,WR
Ashton,Dulin,IND,WR
Michael,Deiter,DEN,C
Garrett,Bradbury,NE,C
Taylor,Moton,CAR,OT
Daniel,Brunskill,MIA,G
Ronnie,Stanley,BAL,OT
Will,Hernandez,ARI,G
Bradley,Bozeman,LAC,C
Cam,Robinson,CLE,OT
Amani,Oruwariye,BAL,CB
Max,Scharping,PIT,G
Chuma,Edoga,JAX,G
Patrick,Mekari,JAX,G
Jamal,Perry,MIA,CB
Byron,Cowart,NYJ,DT
Joe,Giles-Harris,CIN,LB
Jawaan,Taylor,KC,OT
John,Wolford,MIN,QB
Quintez,Cephus,HOU,WR
Dalton,Keene,HOU,TE
Charlie,Heck,TB,OT
James,Lynch,TEN,DT
Andrew,Wylie,WSH,G
Austin,Corbett,CAR,C
Jermaine,Eluemunor,NYG,OT
Darius,Harris,NE,LB
Brian,O'Neill,MIN,OT
Justin,Herron,DET,OT
Matt,Nelson,MIN,OT
Fred,Johnson,PHI,OT
Damon,Arnette,HOU,CB
Colton,McKivitz,SF,OT
Herb,Miller,BUF,CB
Jonah,Jackson,CHI,G
Jack,Driscoll,PIT,OT
Netane,Muti,DET,G
Isaiah,Rodgers,MIN,CB
Troy,Pride Jr.,IND,CB
Mekhi,Becton,LAC,G
Jonathan,Garvin,CHI,DE
Jacob,Phillips,IND,LB
Damien,Lewis,CAR,G
Tom,Kennedy,DET,WR
Trey,Lance,LAC,QB
Feleipe,Franks,ATL,TE
Jaret,Patterson,LAC,RB
Jermar,Jefferson,ARI,RB
Sam,Ehlinger,DEN,QB
Alex,Bachman,LV,WR
Shane,Zylstra,DET,TE
Cody,White,SEA,WR
David,Sills V,ATL,WR
Danny,Pinter,IND,C
Andrew,Thomas,NYG,OT
Tarron,Jackson,SF,DE
Darren,Hall,ARI,CB
William,Bradley-King,SF,DE
Tommy,Togiai,HOU,DT
Storm,Norton,ATL,OT
Scott,Daly,CHI,LS
Yodny,Cajuste,MIA,OT
Sam,Mustipher,DEN,C
Cody,Ford,CIN,G
Nick,Moore,BAL,LS
David,Edwards,BUF,G
Spencer,Brown,BUF,OT
Chris,Williams,CHI,DT
Trystan,Colon,DET,C
Jake,Curhan,CAR,G
Mark,Gilbert,MIA,CB
Lucas,Niang,WSH,OT
Mike,Jordan,TB,G
Aaron,Robinson,NYG,CB
James,Wiggins,ARI,S
Avery,Williams,NYJ,CB
Kendrick,Green,CLE,C
Josh,Myers,NYJ,C
Keith,Taylor,JAX,CB
Kemon,Hall,TEN,CB
Brady,Christensen,CAR,G
Alijah,Vera-Tucker,NYJ,G
Austin,Jackson,MIA,G
Matt,Orzech,GB,LS
Corliss,Waitman,PIT,P
Nick,Allegretti,WSH,G
Skylar,Thompson,PIT,QB
Hassan,Haskins,LAC,RB
Danny,Gray,PHI,WR
Tyler,Badie,DEN,RB
Michael,Woods II,GB,WR
Jelani,Woods,NYJ,TE
Jalen,Virgil,ARI,WR
Chris,Myarick,MIA,TE
Dennis,Houston,TB,WR
Penei,Sewell,DET,OT
Maurice,Alexander,CHI,WR
Tanner,Conner,NYG,TE
Lance,McCutcheon,TEN,WR
Jake,Tonges,SF,TE
Thomas,Booker IV,LV,DT
Sam,Okuayinonu,SF,DT
Ted,Karras,CIN,C
Calvin,Anderson,PIT,OT
Calvin,Throckmorton,DEN,G
Nick,Leverett,DAL,G
Quinton,Bell,MIA,LB
Teven,Jenkins,CLE,G
Nazeeh,Johnson,KC,S
William,Kwenkeu,BAL,LB
Will,Fries,MIN,G
Royce,Newman,LAR,G
C.J.,Brewer,TB,DT
Eyioma,Uwazurike,DEN,DE
Ja'Marcus,Ingram,HOU,CB
Esezi,Otomewo,PIT,DE
Arron,Mosby,GB,DE
Dylan,Parham,LV,G
Abraham,Lucas,SEA,OT
Braxton,Jones,CHI,OT
Forrest,Rhyne,PIT,LB
Josh,Ross,MIN,LB
Cesar,Ruiz,NO,G
Ramiz,Ahmed,WSH,PK
Spencer,Burford,SF,G
Daniel,Hardy,CHI,DE
Kenyon,Green,BAL,G
Evan,Neal,NYG,OT
Sam,Webb,CLE,CB
Drue,Chrisman,CIN,P
Nikola,Kalinic,CHI,TE
Walker,Little,JAX,OT
Xavier,Worthy,KC,WR
Carson,Steele,KC,FB
Johnny,Wilson,PHI,WR
Edgerrin,Cooper,GB,LB
Will,Shipley,PHI,RB
Nate,Wiggins,BAL,CB
Quinyon,Mitchell,PHI,CB
Javon,Bullard,GB,S
Matt,Araiza,KC,P
Travis,Stephens,TB,RB
Ula,Tuitele,BUF,LB
Richard,Jordan,DET,LB
Steve,Sciullo,IND,OG
David,Szott,NYJ,OG
Deyshawn,Bond,IND,G
Joey,Hunt,SEA,C
Lloyd,Cushenberry III,TEN,C
Yasir,Durant,NE,OT
Robert,Hunt,CAR,G
Trey,Hill,CHI,C
Tyree,Jackson,WSH,TE
Evan,Brown,ARI,G
Sam,Cosmi,WSH,G
Kristian,Wilkerson,BUF,WR
Max,Mitchell,NYJ,OT
Charles,Cross,SEA,OT
Matt,Pryor,PHI,OT
Ryan,Bates,CHI,C
Jamaree,Salyer,LAC,G
Ben,Cleveland,LAC,G
Jordan,Meredith,LV,C
Kevin,Dotson,LAR,G
Xavier,Newman,NYJ,G
John Michael,Schmitz Jr.,NYG,C
Jarrett,Patterson,HOU,G
Joshua,Ezeudu,NYG,G
Hjalte,Froholdt,ARI,C
Tyler,Steen,PHI,G
Jonah,Williams,ARI,OT
Dawand,Jones,CLE,OT
Paris,Johnson Jr.,ARI,OT
Ryan,Neuzil,ATL,C
O'Cyrus,Torrence,BUF,G
Dan,Moore Jr.,TEN,OT
Trey,Benson,ARI,RB
Ray,Davis,BUF,RB
Marvin,Harrison Jr.,ARI,WR
Brandon,Codrington,BUF,CB
Keon,Coleman,BUF,WR
Max,Melton,ARI,CB
Ja'Lynn,Polk,NO,WR
Ryan,Rehkow,CIN,P
Charles,Snowden,LV,DE
Junior,Colson,LAC,LB
Brock,Bowers,LV,TE
Ladd,McConkey,LAC,WR
Bo,Nix,DEN,QB
JL,Skinner,DEN,S
Devaughn,Vele,NO,WR
Audric,Estime,NO,RB
Byron,Murphy II,SEA,DT
Dee,Williams,CLE,CB
Tyrone,Tracy Jr.,NYG,RB
Darius,Muasau,NYG,LB
Theo,Johnson,NYG,TE
Elijah,Chatman,NYG,DT
Tyler,Nubin,NYG,S
Dru,Phillips,NYG,CB
Dallas,Turner,MIN,LB
Will,Reichard,MIN,PK
Malik,Nabers,NYG,WR
Jarvis,Brownlee Jr.,NYJ,CB
Jha'Quan,Jackson,NO,WR
Jaylen,Harrell,TEN,LB
Rome,Odunze,CHI,WR
Caleb,Williams,CHI,QB
Tory,Taylor,CHI,P
Jake,Haener,NO,QB
Claudin,Cherelus,CAR,LB
Rico,Payton,NYG,CB
Khristian,Boyd,NO,DT
Bub,Means,NO,WR
Xavier,Legette,CAR,WR
Ja'Tavion,Sanders,CAR,TE
Kool-Aid,McKinstry,NO,CB
Anfernee,Orji,TEN,LB
Mason,Tipton,NO,WR
Chau,Smith-Wade,CAR,CB
Payton,Wilson,PIT,LB
Beanie,Bishop Jr.,NO,CB
JD,Bertrand,ATL,LB
DeMarvion,Overshown,DAL,LB
Marist,Liufau,DAL,LB
Marshawn,Kneeland,DAL,DE
Caelen,Carson,DAL,CB
Javontae,Jean-Baptiste,WSH,DE
Jayden,Daniels,WSH,QB
Luke,McCaffrey,WSH,WR
Mike,Sainristil,WSH,CB
Tykee,Smith,TB,S
Chris,Braswell,TB,LB
Jalen,McMillan,TB,WR
Bucky,Irving,TB,RB
Kameron,Johnson,TB,WR
Braden,Fiske,LAR,DE
Chris,Smith,DET,DT
Blake,Corum,LAR,RB
Ennis,Rakestraw Jr.,DET,CB
Joshua,Karty,ARI,PK
Tyler,Davis,LAR,DE
Jordan,Whittington,LAR,WR
Jared,Verse,LAR,LB
Mekhi,Wingo,DET,DT
Terrion,Arnold,DET,CB
Kamren,Kinchens,LAR,S
Jake,Bates,DET,PK
Ventrell,Miller,JAX,LB
Jarrian,Jones,JAX,CB
Storm,Duck,MIA,CB
Brian,Thomas Jr.,JAX,WR
Cam,Little,JAX,PK
British,Brooks,HOU,RB
Anthony,Gould,IND,WR
Calen,Bullock,HOU,S
Spencer,Shrader,IND,PK
Adonai,Mitchell,NYJ,WR
Kamari,Lassiter,HOU,CB
George,Holani,SEA,RB
Kenny,McIntosh,SEA,RB
AJ,Barner,SEA,TE
Olu,Oluwatimi,SEA,C
Anthony,Bradford,SEA,G
Christian,Haynes,SEA,G
McClendon,Curtis,LV,G
Stone,Forsythe,LV,OT
Michael,Jerrell,ATL,OT
Sataoa,Laumea,NO,OT
Jalen,Sundell,SEA,C
Tyrice,Knight,SEA,LB
Nehemiah,Pritchett,SEA,CB
Marcus,Simms,SEA,WR
DeVere,Levelston,SEA,DE
Kenneth,Odumegwu,SEA,LB
Jamie,Sheriff,SEA,LB
Faion,Hicks,SEA,CB
Devontez,Walker,BAL,WR
Nick,Samac,CAR,C
Andrew,Vorhees,BAL,G
Malaesala,Aumavae-Laulu,WSH,OT
Daniel,Faalele,BAL,G
Josh,Jones,SEA,G
Roger,Rosengarten,BAL,OT
Adisa,Isaac,BAL,LB
T.J.,Tampa,BAL,CB
Beau,Brade,NYG,S
Sanoussi,Kane,TEN,S
Rasheen,Ali,BAL,RB
Owen,Wright,TB,RB
Malik,Hamm,BAL,LB
Deion,Jennings,TB,LB
Adedayo,Odeleye,DAL,DE
Jamari,Thrash,CLE,WR
Blake,Whiteheart,CLE,TE
Javion,Cohen,CLE,G
Zak,Zinter,CLE,G
Mike,Hall Jr.,CLE,DT
Winston,Reid,CLE,LB
Nathaniel,Watson,CLE,LB
Hakeem,Adeniji,DAL,OT
Brandon,Bouyer-Randle,CLE,LB
Myles,Harden,CLE,CB
Chase,Williams,CLE,S
Cameron,Latu,PHI,TE
Michael,Barrett,LV,LB
Roman,Wilson,PIT,WR
Zach,Frazier,PIT,C
Ryan,McCollum,PIT,C
Spencer,Anderson,PIT,G
Mason,McCormick,PIT,G
Troy,Fautanu,PIT,OT
Cory,Trice Jr.,PIT,CB
Dylan,Cook,PIT,OT
Logan,Lee,PIT,DT
David,Perales,PIT,LB
Ryan,Watts,PIT,CB
Jack,Colletto,PIT,FB
Shaquan,Davis,PIT,WR
Doug,Nester,PIT,G
John,Leglue,LAR,G
Jacob,Slade,PIT,DT
Ayo,Oyelola,PIT,S
Jermaine,Burton,CIN,WR
Erick,All Jr.,CIN,TE
Tanner,McLachlan,LAC,TE
Matt,Lee,CIN,C
Alex,Cappa,LV,G
Jaxson,Kirkland,CIN,G
Trent,Brown,HOU,OT
Amarius,Mims,CIN,OT
Cedric,Johnson,CIN,DE
Kris,Jenkins Jr.,CIN,DT
Maema,Njongmeta,CAR,LB
Josh,Newton,CIN,CB
Daijahn,Anthony,CIN,S
D'Ante,Smith,CIN,OT
McKinnley,Jackson,CIN,DT
Kendric,Pryor,CIN,WR
Lance,Robinson,CIN,CB
Kendall,Milton,CIN,RB
Tashawn,Manning,CIN,G
Justin,Rogers,PHI,DT
Cade,Stover,HOU,TE
Juice,Scruggs,HOU,G
Nick,Broeker,KC,G
Blake,Fisher,HOU,OT
Jamal,Hill,HOU,LB
LaDarius,Henderson,IND,G
Jaylon,Thomas,HOU,OT
Brandon,Hill,LV,S
Kedon,Slovis,ARI,QB
Xavier,Johnson,CIN,WR
Braeden,Daniels,MIA,OT
Arlington,Hambright,TEN,G
Javon,Foster,CIN,OT
Cooper,Hodges,JAX,OT
Cole,Van Lanen,JAX,OT
Jordan,Jefferson,CIN,DT
Maason,Smith,JAX,DT
Christian,Braswell,JAX,CB
Keilan,Robinson,NYJ,RB
David,White Jr.,JAX,WR
Patrick,Murtagh,DEN,TE
John Rhys,Plumlee,PIT,WR
Louis,Rees-Zammit,JAX,WR
Blake,Hance,TEN,G
Tanor,Bortolini,IND,C
Dalton,Tucker,IND,G
Blake,Freeland,IND,OT
Matt,Goncalves,IND,G
Bernhard,Raimann,IND,OT
Laiatu,Latu,IND,DE
Jaylon,Carlies,IND,LB
Ryan,Coll,IND,C
Wesley,French,CLE,C
Daniel,Scott,IND,S
Atonio,Mafi,LV,G
David,Martin-Robinson,TEN,TE
Thomas,Odukoya,NE,TE
Jaelyn,Duncan,TEN,OT
JC,Latham,TEN,OT
John,Ojukwu,TEN,OT
Andrew,Rupcich,NE,OT
Peter,Skoronski,TEN,G
T'Vondre,Sweat,TEN,DT
Ali,Gaye,TEN,LB
James,Williams Sr.,TEN,LB
Julius,Wood,DAL,S
Cedric,Gray,TEN,LB
Jabari,Small,DET,RB
Tay,Martin,WSH,WR
Bryce,Oliver,TEN,WR
Cole,Spencer,TEN,G
Leroy,Watson IV,LV,OT
Isaiah,Iton,NE,DT
Gabe,Jeudy-Lally,TEN,CB
Kendell,Brooks,TEN,S
Jared,Wiley,KC,TE
Hunter,Nourzad,KC,C
Mike,Caliendo,KC,G
C.J.,Hanson,KC,G
Ethan,Driskell,KC,OT
Wanya,Morris,KC,OT
Kingsley,Suamataia,KC,G
Chris,Roland-Wallace,KC,CB
Jaden,Hicks,KC,S
McKade,Mettauer,KC,G
Emani,Bailey,CAR,RB
Nikko,Remigio,KC,WR
Chukwuebuka,Godrick,KC,OT
Truman,Jones,TEN,LB
Fabien,Lovett Sr.,NE,DT
Swayze,Bozeman,NYG,LB
Eric,Scott Jr.,KC,CB
Dylan,Laube,LV,RB
Jackson,Powers-Johnson,LV,G
DJ,Glaze,LV,OT
Jonah,Laulu,LV,DT
Tommy,Eichenberg,LV,LB
Amari,Gainer,NE,LB
Decamerion,Richardson,LV,CB
Thomas,Harper,DET,S
Jeff,Foreman,LV,WR
Jake,Johanning,LV,G
Tomari,Fox,LV,DT
Trey,Taylor,LV,S
Carter,Bradley,JAX,QB
Sincere,McCormick,MIN,RB
Justin,Shorter,LV,WR
Will,Putnam,LV,C
Ben,Brown,NE,G
Dalton,Wagner,LV,OT
David,Agoha,TEN,DB
MJ,Devonshire Jr.,BUF,CB
Phalen,Sanford,LV,S
Blake,Watson,TEN,RB
Troy,Franklin,DEN,WR
Alex,Forsyth,DEN,C
Luke,Wattenberg,DEN,C
Frank,Crum,DEN,OT
Alex,Palczewski,DEN,G
Jordan,Jackson,DEN,DT
Jonah,Elliss,DEN,LB
Kris,Abrams-Draine,DEN,CB
Devon,Key,DEN,S
Keidron,Smith,NYJ,S
Kaden,Davis,CLE,WR
Levelle,Bailey,DEN,LB
Kimani,Vidal,LAC,RB
Brenden,Rice,LV,WR
Brenden,Jaimes,NE,G
Jordan,McFadden,CHI,G
Zion,Johnson,LAC,G
Joe,Alt,LAC,OT
Foster,Sarell,LAC,G
Justin,Eboigbe,LAC,DT
Cam,Hart,LAC,CB
Tarheeb,Still,LAC,CB
Bucky,Williams,CLE,C
Tyler,McLellan,TB,OT
Chris,Collins,LAC,LB
Jaylen,Johnson,LAC,WR
Luke,Benson,LAC,TE
Karsen,Barnhart,GB,OT
CJ,Okoye,BAL,DT
Jeremiah,Jean-Baptiste,LAC,LB
Tre'Mon,Morris-Brash,LAC,LB
Nehemiah,Shelton,LAC,CB
Sedrick,Van Pran-Granger,BUF,C
Alec,Anderson,BUF,OT
Tylan,Grable,BUF,OT
Ryan,Van Demark,BUF,OT
Javon,Solomon,BUF,DE
DeWayne,Carter,BUF,DT
Joe,Andreessen,BUF,LB
Edefuan,Ulofoshio,CLE,LB
Cole,Bishop,BUF,S
Shane,Buechele,BUF,QB
Travis,Clayton,BUF,OT
Frank,Gore Jr.,BUF,RB
Jaylen,Wright,MIA,RB
Malik,Washington,MIA,WR
Andrew,Meyer,MIA,C
Rob,Jones,DAL,G
Patrick,Paul,MIA,OT
Mohamed,Kamara,TB,LB
Chop,Robinson,MIA,LB
Isaac,Guerendo,SF,RB
Hendon,Hooker,NYJ,QB
Spencer,Rattler,NO,QB
Stetson,Bennett IV,LAR,QB
Tanner,McKee,PHI,QB
MarShawn,Lloyd,GB,RB
Sam,Hartman,WSH,QB
Braelon,Allen,NYJ,RB
Isaiah,Davis,NYJ,RB
Drake,Maye,NE,QB
Michael,Penix Jr.,ATL,QB
Ryan,Flournoy,DAL,WR
Joe,Milton III,DAL,QB
Cody,Schrader,DEN,RB
Bryce,Ford-Wheaton,NYG,WR
Sione,Vaki,DET,RB
Malachi,Corley,CLE,WR
Princeton,Fant,DAL,TE
Javon,Baker,SF,WR
Jacob,Cowing,SF,WR
Brenden,Bates,CLE,TE
Colson,Yankoff,WSH,TE
Ben,Sinnott,WSH,TE
Casey,Washington,ATL,WR
Beaux,Limmer,LAR,C
Xavier,Weaver,ARI,WR
Brevyn,Spann-Ford,DAL,TE
Dylan,McMahon,LAR,C
Isaiah,Williams,NYJ,WR
Jalen,Hurd,NE,WR
Jake,Hanson,ATL,C
Aaron,Banks,GB,G
Logan,Bruss,TEN,G
Devin,Culp,TB,TE
John,Stephens Jr.,DAL,TE
Tip,Reiman,ARI,TE
Messiah,Swinson,GB,TE
Travis,Vokolek,ARI,TE
Justin,Dedich,LAR,G
Andrew,Raym,CIN,C
Jacob,Monk,GB,C
Brock,Hoffman,DAL,C
Chris,Paul,WSH,G
Joe,Tippmann,NYJ,G
Jaylon,Moore,KC,OT
Jaheim,Bell,PIT,TE
T.J.,Bass,DAL,G
Doug,Kramer Jr.,SEA,C
Brandon,Coleman,WSH,G
Jovaughn,Gwyn,ATL,G
Isaiah,Adams,ARI,G
Michael,Jurgens,MIN,C
Kyle,Hinton,ATL,G
Chandler,Zavala,CAR,G
Dominick,Puni,SF,G
Cooper,Beebe,DAL,C
Graham,Barton,TB,C
Blake,Brandel,MIN,C
Tyler,Guyton,DAL,OT
Asim,Richards,NO,OT
Trevor,Keegan,DAL,G
Taliese,Fuaga,NO,OT
Jarrett,Kingston,HOU,G
Kayode,Awosika,DET,G
Jon,Gaines II,ARI,G
Olu,Fashanu,NYJ,OT
Michael,Niese,DET,G
Alaric,Jackson,LAR,OT
Sean,Rhyan,GB,G
Dan,Feeney,TB,G
Trevor,Penning,LAC,G
Travis,Glover,GB,OT
Andre,Dillard,SF,OT
Bill,Murray,IND,G
Layden,Robinson,LV,G
Warren,McClendon Jr.,LAR,OT
Jordan,Morgan,GB,G
Nick,Saldiveri,NO,OT
Giovanni,Manu,DET,OT
Nick,Zakelj,SF,OT
Elijah,Klein,TB,G
Mike,Onwenu,NE,G
Kadeem,Telfort,MIA,OT
Demontrey,Jacobs,ARI,OT
Matt,Waletzko,KC,OT
Kiran,Amegadjie,CHI,OT
Walter,Rouse,MIN,OT
Darian,Kinnard,GB,OT
Jake,Kubas,NYG,G
Olisaemeka,Udoh,TEN,OT
Zach,Thomas,IND,OT
Caedan,Wallace,NE,OT
Landon,Young,NO,OT
Jer'Zhan,Newton,WSH,DT
Brandon,Dorlus,ATL,DT
Darnell,Wright,CHI,OT
Brenton,Cox Jr.,GB,DE
Austin,Booker,CHI,DE
Jalen,Redmond,MIN,DT
Aaron,Stinnie,NYG,G
Levi Drake,Rodriguez,MIN,DT
Colby,Sorsdal,DET,OT
Taki,Taimani,MIN,DT
Ruke,Orhorhoro,ATL,DT
Braiden,McGregor,NYJ,DE
Justin,Skule,MIN,OT
Trevin,Wallace,CAR,LB
Elias,Neal,LAR,LB
Brennan,Jackson,LV,LB
Jaylan,Ford,NO,LB
Shemar,Bartholomew,GB,CB
Eric,Watts,NYJ,DE
Leonard,Taylor III,NE,DT
Tatum,Bethune,SF,LB
Omar,Speights,LAR,LB
Isaiah,Stalbird,NO,LB
Xavier,Thomas,HOU,LB
Dwight,McGlothern,MIN,CB
Ty'Ron,Hopper,GB,LB
Marcellas,Dial Jr.,NE,CB
Jalyx,Hunt,PHI,LB
Cam,Lampkin,LAR,CB
Renardo,Green,SF,CB
Josh,Wallace,LAR,CB
Charles,Woods,NE,CB
Jeremiah,Trotter Jr.,PHI,LB
Jaylen,McCollough,LAR,S
Dominique,Hampton,CHI,S
Cooper,DeJean,PHI,CB
Jonathon,Brooks,CAR,RB
Jose,Ramirez,TB,LB
Qwan'tez,Stiggers,NYJ,CB
Robert,Burns,ATL,RB
Malik,Mustapha,SF,S
Dell,Pettus,NE,S
Tyler,Owens,WSH,S
Kitan,Oladapo,GB,S
Tyrek,Funderburk,CAR,CB
Evan,Williams,GB,S
J.J.,McCarthy,MIN,QB
Dadrion,Taylor-Demerson,ARI,S
Bralen,Trice,ATL,LB
Keenan,Isaac,CLE,CB
Junior,Aho,ATL,DT
Loren,Strickland,DET,S
Camron,Peterson,NO,DT
Chris,Blair,ATL,WR
Gabriel,Murphy,MIN,LB
Steve,Avila,LAR,G
Rejzohn,Wright,NO,CB
Jonathan,Ford,GB,DT
Ralen,Goforth,GB,LB
JaQuae,Jackson,LAC,WR
Popo,Aumavae,CAR,DT
LJ,Davis,GB,CB
Norell,Pollard,WSH,DE
Zavier,Scott,MIN,RB
KT,Leveston,CLE,OT
Kevin,Austin Jr.,NO,WR
Christian,Jones,ARI,OT
Jake,Andrews,HOU,C
Jordan,Magee,WSH,LB
Jordan,Travis,NYJ,QB
Jaden,Crumedy,CAR,DT
Ian,Wheeler,CHI,RB
Carter,O'Donnell,ARI,OT
Hogan,Hatten,DET,LS
Lucky,Jackson,MIN,WR
Joseph,Noteboom,BAL,OT
Michael,Jacobson,NO,TE
Ellis,Merriweather,GB,RB
Treyton,Welch,NO,TE
Marcus,Riley,NYJ,WR
Ricky,Pearsall,SF,WR
Jeshaun,Jones,MIN,WR
Thayer,Thomas,DEN,WR
Kazmeir,Allen,WSH,RB
Michael,Wiley,TB,RB
Kyle,Hergel,CHI,G
Shane,Lemieux,SEA,C
Darius,Robinson,ARI,DE
T.J.,Luther,CAR,WR
Tyrone,Wheatley Jr.,ATL,OT
Mitchell,Tinsley,CIN,WR
Elijah,Jones,ARI,CB
Larry,Borom,MIA,OT
Henry,Byrd,MIN,G
Christian,Mahogany,DET,G
Johnny,Lumpkin,GB,TE
Earl,Bostick Jr.,DAL,OT
Ainias,Smith,CAR,WR
Austin,Deculus,LAC,OT
Jordan,Murray,CHI,TE
Brycen,Tremayne,CAR,WR
Josiah,Ezirim,NO,OT
Evan,Deckers,TB,LS
Douglas,Coleman III,CHI,S
Nate,Thomas,DAL,OT
Luke,Tenuta,IND,OT
Tyrese,Robinson,NE,G
Xavier,Smith,LAR,WR
McCallan,Castles,GB,TE
Chris,Russell,GB,LB
Drake,Stoops,LAR,WR
Julian,Good-Jones,WSH,G
Kalen,King,ARI,CB
Kamal,Hadden,GB,CB
Le'Raven,Clark,PHI,OT
Tahj,Washington,MIA,WR
Zaire,Barnes,NYG,LB
Connor,Galvin,DET,OT
Omar,Brown,MIA,S
Ricky,Lee,JAX,OT
Durrell,Johnson,DAL,DE
Anim,Dankwah,WSH,OT
Kion,Smith,MIA,G
Austin,Schlottmann,NYG,C
Sam,Wiglusz,LAR,WR
Mike,McAllister,LAR,C
Nate,Lynn,TEN,LB
Sua,Opeta,PHI,G
Jimmy,Ciarlo,BUF,LB
Dillon,Johnson,CAR,RB
Silas,Dzansi,TB,OT
Austin,Reed,CHI,QB
Terrell,Jennings,NE,RB
AJ,Arcuri,LAR,OT
Adrian,Martinez,SF,QB
Haggai,Ndubuisi,HOU,DT
Grayson,Murphy,MIA,LB
Bo,Richter,MIN,LB
Praise,Olatoke,CAR,WR
Matt,Landers,TEN,WR
Ja'Tyre,Carter,CAR,G
DaShaun,White,SF,LB
Chigozie,Anusiem,LV,CB
Patrick,McMorris,NYG,S
Deneric,Prince,NE,RB
Brandon,Walton,CAR,OT
Ryan,Miller,NYG,WR
David,Olajiga,BAL,DT
Jonathan,Sutherland,NYG,S
Charlie,Smyth,NO,PK
Erick,Hallett,TEN,S
Brandon,Smith,NE,WR
Marcus,Rosemy-Jacksaint,PHI,WR
Dante,Miller,NYG,RB
Tanner,Taula,TB,TE
Luke,Haggard,TB,G
Caleb,Jones,NE,OT
Liam,Fornadel,NYJ,G
Bryan,Hudson,NYG,C
Kevin,Foelsch,PIT,TE
Shaun,Jolly,LAR,CB
Azizi,Hearn,KC,CB
Hayden,Rucci,MIA,TE
Zack,Kuntz,NYJ,TE
Demani,Richardson,CAR,S
Lorenz,Metz,TB,OT
Jotham,Russell,NE,DE
E.J.,Jenkins,PHI,TE
Tanner,Ingle,LAR,S
Jimmy,Morrissey,IND,C
Kohl,Levao,NYJ,G
Raiqwon,O'Neal,ATL,OT
Chasen,Hines,MIA,G
Obinna,Eze,MIA,OT
Daniel,Grzesiak,TB,LB
Joshua,Miles,LV,OT
Yvandy,Rigby,NE,LB
Marcus,Banks,TB,S
Anderson,Hardy,MIA,OT
Jackson,Sirmon,NYJ,LB
Marcelino,McCrary-Ball,NYJ,LB
Isaiah,Bolden,SF,CB
Rashad,Wisdom,TB,S
Gabe,Hall,PHI,DT
Brett,Toth,PHI,C
Bayron,Matos,IND,OT
Laekin,Vakalahi,PHI,OT
Casey,Rogers,NYG,DT
Andre',Sam,PHI,S
A.J.,Woods,ATL,CB
Seth,Vernon,TB,P
Dequan,Jackson,MIA,LB
Art,Green,NYG,CB
Tre,Swilling,CAR,CB
Alex,Johnson,LAR,CB
Derrick,McLendon,MIA,LB
Isaiah,Johnson,MIA,CB
Jaylen,Key,CIN,S
Jarius,Monroe,NYJ,S
Jordan,Colbert,MIA,S
Jude,McAtamney,NYG,PK
Zaire,Mitchell-Paden,NO,TE
Mark,Perry,GB,S
DJ,James,NE,CB
Tanner,Brown,ATL,PK
Marcellus,Johnson,DAL,OT
Titus,Leo,PHI,DE
Jalen,Coker,CAR,WR
Jamree,Kromah,CHI,DE
Zion,Logue,BUF,DT
Dondrea,Tillman,DEN,LB
Michael,Pratt,TB,QB
Anthony,Hines III,NYJ,LB
Marquis,Hayes,NYJ,G
Jason,Bean,IND,QB
Ahmarean,Brown,BUF,WR
Tyrell,Shavers,BUF,WR
Julian,Hicks,GB,WR
Tejhaun,Palmer,ARI,WR
Austin,Ajiake,IND,LB
Cole,Burgess,CIN,WR
Cornelius,Johnson,BAL,WR
Bernhard,Seikovits,ARI,TE
Zach,Davidson,NYG,TE
Kalen,DeLoach,JAX,LB
Donovan,Jennings,GB,G
Liam,Anderson,CIN,LB
Cam,Grandy,CIN,TE
Mike,Edwards,BUF,OT
John,Jackson III,CHI,WR
Sebastian,Gutierrez,NE,OT
Lecitus,Smith,GB,G
Thomas,Yassmin,LAC,TE
Max,Tooley,MIN,LB
Devin,Cochran,DET,OT
Richard,Gouraige,BUF,OT
Jack,Plummer,CAR,QB
Tanner,Mordecai,SF,QB
Carlos,Washington Jr.,ATL,RB
Roy,Mbaeteka,MIA,OT
Deslin,Alexandre,GB,DE
James,Ester,GB,DT
Jesse,Matthews,ATL,WR
Dylan,Drummond,ATL,WR
Theo,Benedet,CHI,OT
Nick,Gargiulo,DEN,G
Jowon,Briggs,NYJ,DT
Lorenzo,Thompson,CLE,OT
Gottlieb,Ayedze,LV,OT
David,Anenih,PHI,LB
Jack,Westover,NE,TE
Jalen,Cropper,DAL,WR
Kingsley,Eguakun,CLE,C
Carl,Jones,BAL,LB
Branson,Deen,BUF,DT
Mason,Pline,NO,TE
Terique,Owens,SF,WR
Jaylin,Simpson,GB,S
Te'Cory,Couch,BUF,CB
Dakoda,Shepley,DAL,OT
Alex,Hale,GB,PK
Will,Sherman,NO,G
Kehinde,Oginni Hassan,ATL,DE
Shaka,Heyward,CIN,LB
Dashaun,Mallory,CHI,DT
Jaden,Davis,ARI,CB
Marcel,Dabo,IND,S
Christopher,Edmonds,CLE,S
Abraham,Beauplan,DET,LB
Jerome,Carvin,JAX,C
Daequan,Hardy,PIT,CB
Denzel,Daxon,ARI,DT
Natrone,Brooks,ATL,CB
Jaray,Jenkins,PIT,WR
Jordan,Miller,DEN,DT
Micah,Baskerville,CHI,LB
Drake,Nugent,SF,C
Brittain,Brown,CHI,RB
Isaac,Alarcon,SF,OT
PJ,Jules,CIN,S
Kenny,Dyson Jr.,CAR,LB
Jalen,McKenzie,MIA,OT
Reddy,Steward,DAL,CB
Joshua,Cephus,JAX,WR
Devin,Leary,BAL,QB
Johnny,Johnson III,HOU,WR
Quinton,Newsome,DEN,CB
Evan,Anderson,SF,DT
Chris,Collier,LV,RB
Brock,Mogensen,DAL,LB
Reese,Taylor,DEN,CB
Chris,Reed,NO,G
Shawn,Bowman,JAX,TE
Jackson,Mitchell,LV,LB
Steven,Jones,PIT,G
Josh,Butler,DAL,CB
Emany,Johnson,LAC,LB
Kilian,Zierer,JAX,OT
Solomon,Byrd,HOU,DE
Jaylen,Mahoney,NYJ,S
Dayton,Wade,BAL,WR
Marcus,Harris,KC,DT
Qadir,Ismail,CHI,TE
Darrian,Dalcourt,CLE,G
Corey,Bullock,BAL,C
C.J.,Ravenell,TEN,DE
Bump,Cooper,NYJ,CB
Jacoby,Windmon,CAR,LB
Trent,Pennix,IND,RB
Matt,Hennessy,SF,C
Devin,Richardson,SEA,LB
Andrew,Stueber,ATL,G
Rex,Sunahara,CLE,LS
Tanner,Knue,TB,WR
Dieter,Eiselen,JAX,G
John,Jiles,NE,WR
Sincere,Haynesworth,ARI,C
Alec,Lindstrom,NE,C
Matthew,Cindric,ATL,C
Micah,Abraham,DEN,CB
Jared,Wayne,HOU,WR
Jack,Wilson,IND,OT
Marcus,Haynes,IND,DE
Austen,Pleasants,SF,OT
Trey,Dean III,CLE,S
Malik,Knowles,SF,WR
Spencer,Rolland,GB,OT
Craig,Young,CIN,LB
Raymond,Jackson,CIN,DB
Coy,Cronk,MIN,OT
Miles,Battle,NE,CB
Cameron,Tom,CLE,C
Jamarco,Jones,DET,OT
Chris,Oladokun,KC,QB
Cornell,Powell,HOU,WR
Ethan,Fernea,IND,WR
Jawhar,Jordan,HOU,RB
Isaiah,Prince,SF,OT
Joel,Wilson,TEN,TE
Ben,Nikkel,IND,S
Andrew,Coker,CIN,OT
Keshawn,Banks,ARI,LB
Josh,Sills,IND,G
Julian,Pearl,PIT,OT
Anthony,Goodlow,PIT,DE
Michael,Dowell,SEA,LB
Tyreek,Maddox-Williams,BUF,LB
Kendall,Williamson,LAC,S
Garret,Greenfield,TB,OT
Shakel,Brown,SF,DT
Ryan,Sanborn,LAR,P
Peter,Bowden,LAC,LS
Zack,Bailey,MIN,G
Parker,Romo,ATL,PK
Cam,Johnson,CAR,WR
Matt,Sokol,PIT,TE
Xazavian,Valladay,MIN,RB
Ryan,Hayes,ATL,OT
Trajan,Jeffcoat,NO,DE
Mason,Brooks,MIA,G
Chandler,Brewer,TEN,OT
Ricky,Stromberg,CHI,C
Tyre,Phillips,CLE,OT
Alex,McGough,GB,WR
Durell,Nchami,IND,DE
Viliami,Fehoko Jr.,IND,DE
Julius,Welschof,PIT,LB
Scotty,Washington,BAL,TE
Sam,Pinckney,CAR,WR
Ryan,Johnson,TB,G
Andrew,Parker Jr.,NE,LB
Michael,Novitsky,SEA,C
Jason,Maitre,MIA,CB
Travion,Fluellen,NO,CB
Jaelen,Gill,CLE,WR
Tyler,Manoa,LV,DT
Ekow,Boye-Doe,ARI,CB
Kellen,Diesch,TEN,OT
K.J.,Cloyd,NYG,LB
Jeremiah,Martin,CHI,DE
Pheldarius,Payne,IND,DT
Ovie,Oghoufo,LV,DE
Neal,Johnson,NYJ,TE
Andre,Szmyt,CLE,PK
Kyler,Baugh,PIT,DT
Deshaun,Fenwick,GB,RB
Matthew,Jones,ARI,G
Emory,Jones,ATL,QB
Michael,Tutsie,IND,S
DaRon,Gilbert,DET,LB
Lew,Nichols,PIT,RB
Aidan,Robbins,CLE,RB
Zack,Johnson,DET,G
Hassan,Hall,ARI,RB
Jaxon,Janke,HOU,WR
Max,Pircher,MIN,OT
Jack,Anderson,DAL,G
Joey,Fisher,ATL,G
Makai,Polk,ATL,WR
Joseph,Ngata,PHI,WR
Elliott,Brown,ARI,LB
Brady,Latham,CLE,G
Ralph,Holley,CLE,DT
Tulu,Griffin,GB,WR
Keith,Randolph,GB,DT
Thomas,Rush,PIT,LB
Kaleb,Hayes,CHI,CB
Kyler,McMichael,PIT,CB
Leonard,Payne,GB,DT
Trevor,Reid,MIN,OT
Ontaria,Wilson,NYJ,WR
Cameron,McCutcheon,PIT,CB
Jake,Julien,TB,P
Ajou,Ajou,IND,WR
Jerrod,Clark,CAR,DT
Taylor,Elgersma,GB,QB
Graham,Mertz,HOU,QB
Seth,Henigan,IND,QB
Kyle,McCord,PHI,QB
Quinn,Ewers,MIA,QB
Brett,Gabbert,MIA,QB
Payton,Thorne,CIN,QB
Cam,Miller,MIA,QB
Will,Howard,PIT,QB
Jalen,Milroe,SEA,QB
Ethan,Garbers,CAR,QB
Riley,Leonard,IND,QB
Damien,Martinez,GB,RB
Tahj,Brooks,CIN,RB
Brady,Cook,NYJ,QB
Jaxson,Dart,NYG,QB
Quali,Conley,CIN,RB
Connor,Bazelak,TB,QB
Max,Brosmer,MIN,QB
Ulysses,Bentley IV,IND,RB
Ashton,Jeanty,LV,RB
Max,Hurleman,PIT,RB
Kaleb,Johnson,PIT,RB
Hunter,Dekkers,NO,QB
Jacardia,Wright,SEA,RB
Robbie,Ouzts,SEA,FB
Dillon,Gabriel,CLE,QB
Ben,Wooldridge,NE,QB
Shedeur,Sanders,CLE,QB
Jarquez,Hunter,LAR,RB
Nathan,Carter,ATL,RB
LeQuint,Allen Jr.,JAX,RB
DJ,Giddens,IND,RB
Woody,Marks,HOU,RB
Deion,Hankins,CHI,RB
DJ,Uiagalelei,LAC,QB
Amar,Johnson,LAC,RB
Cam,Ward,TEN,QB
Jaydon,Blue,DAL,RB
Montrell,Johnson Jr.,CAR,RB
Ollie,Gordon II,MIA,RB
TreVeyon,Henderson,NE,RB
RJ,Harvey,DEN,RB
Kurtis,Rourke,SF,QB
Omarion,Hampton,LAC,RB
Jalen,White,GB,RB
Kyle,Monangai,CHI,RB
DJ,Thomas-Jones,PIT,FB
Kalel,Mullings,TEN,RB
Nate,Noel,IND,RB
Ja'Quinden,Jackson,JAX,RB
Jacory,Croskey-Merritt,WSH,RB
Quinshon,Judkins,CLE,RB
Phil,Mafah,DAL,RB
Sam,Brown Jr.,GB,WR
Bhayshul,Tuten,JAX,RB
Kye,Robichaux,DET,RB
Anthony,Tyus III,CAR,RB
Lan,Larison,NE,RB
Jordan,James,SF,RB
ShunDerrick,Powell,KC,RB
Trevor,Etienne,CAR,RB
Brashard,Smith,KC,RB
Rushawn,Baker,NE,RB
Chandler,Brayboy,JAX,WR
Donovan,Edwards,MIA,RB
Marcus,Major,BAL,RB
Jordan,Waters,LAR,RB
Josh,Williams,TB,RB
Tyler,Shough,NO,QB
Tyrone,Broden,SEA,WR
Montorie,Foster Jr.,SEA,WR
Ahmani,Marshall,CLE,RB
Emeka,Egbuka,TB,WR
Matthew,Golden,GB,WR
Jamoi,Mayes,CIN,WR
Jordan,Moore,CIN,WR
Corey,Kiner,ARI,RB
Tyler,Kahmann,IND,WR
Elic,Ayomanor,TEN,WR
Tory,Horton,SEA,WR
Cam,Camper,JAX,WR
Traeshon,Holden,DAL,WR
Kelly,Akharaiyi,ARI,WR
Brock,Lampe,NE,FB
Travis,Hunter,JAX,WR
Montana,Lemonious-Craig,PIT,WR
Kay'Ron,Lynch-Adams,CAR,RB
Tre,Stewart,MIN,RB
Rashod,Owens,CIN,WR
Elijah,Young,BUF,RB
Chimere,Dike,TEN,WR
Jakobie,Keeney-James,GB,WR
Dylan,Sampson,CLE,RB
Josh,Kelly,HOU,WR
Stephen,Gosnell,BUF,WR
Lucas,Scott,BAL,FB
Jack,Bech,LV,WR
Garrett,Greene,TB,WR
Pat,Bryant,DEN,WR
Andrew,Armstrong,KC,WR
Monaray,Baldwin,MIA,WR
Raheim,Sanders,CLE,RB
Elijhah,Badger,KC,WR
Demeer,Blankumsee,NE,WR
Jahmal,Banks,BAL,WR
J.J.,Jones,JAX,WR
Junior,Bergen,SF,WR
Kaden,Prather,BUF,WR
Zakhari,Franklin,LV,WR
Cam,Skattebo,NYG,RB
Ketron,Jackson Jr.,LV,WR
Joaquin,Davis,MIN,WR
Coleman,Owen,IND,WR
Landon,Parker,IND,WR
Darius,Lassiter,JAX,WR
Jacolby,George,CAR,WR
Ja'Corey,Brooks,WSH,WR
Dominic,Lovett,DET,WR
Courtney,Jackson,SEA,WR
Jayden,Higgins,HOU,WR
Luther,Burden III,CHI,WR
Silas,Bolden,HOU,WR
Darius,Cooper,PHI,WR
Luke,Floriea,CLE,WR
Tai,Felton,MIN,WR
Jordan,Bly,NYG,WR
Jackson,Meeks,DET,WR
Ricky,White III,SEA,WR
Roc,Taylor,PIT,WR
Tez,Johnson,TB,WR
AJ,Henning,MIA,WR
Blayne,Taylor,IND,WR
Mac,Dalena,NYJ,WR
Dontae,Fleming,MIN,WR
Dalevon,Campbell,LAC,WR
Jerjuan,Newton,DEN,WR
Eli,Pancol,IND,WR
Bryson,Green,ARI,WR
Jimmy,Horn Jr.,CAR,WR
Tru,Edwards,LAR,WR
Elijah,Arroyo,SEA,TE
Konata,Mumpfield,LAR,WR
Ke'Shawn,Williams,CIN,WR
Giles,Jackson,PHI,WR
Dalen,Cambre,NYG,WR
Xavier,Guillory,BAL,WR
Rivaldo,Fairweather,ARI,TE
Xavier,Restrepo,TEN,WR
Kobe,Hudson,CAR,WR
Devin,Neal,NO,RB
Marcus,Yarns,NO,RB
Tommy,Mellott,NO,WR
Jimmy,Holiday,KC,WR
Beaux,Collins,NYG,WR
Isaiah,Neyor,GB,WR
Da'Quan,Felton,NYG,WR
Brennan,Presley,LAR,WR
Kisean,Johnson,GB,WR
Daniel,Jackson,HOU,WR
Theo,Wease Jr.,MIA,WR
Taylor,Morin,PHI,WR
Efton,Chism III,NE,WR
Luke,Grimm,LAC,WR
Dorian,Singer,JAX,WR
TJ,Sheffield,TEN,WR
Kyrese,Rowan,DEN,WR
Nick,Kallerup,SEA,TE
Moochie,Dixon,NO,WR
Gage,Larvadain,CLE,WR
Savion,Williams,GB,WR
Isaac,TeSlaa,DET,WR
Marshall,Lang,NE,TE
Cade,McDonald,CLE,WR
Tre',Harris,LAC,WR
Nick,Nash,WSH,WR
Jalen,Royals,KC,WR
Jordan,Watkins,SF,WR
Robert,Lewis,MIN,WR
Tyler,Neville,DAL,TE
Drake,Dabney,GB,TE
Jacoby,Jones,WSH,WR
Gunnar,Helm,TEN,TE
Key'Shawn,Smith,KC,WR
Maximilian,Mang,NYG,TE
Dymere,Miller,NYJ,WR
Jamaal,Pritchett,NYJ,WR
Tetairoa,McMillan,CAR,WR
Luke,Deal,DET,TE
Jalin,Conyers,MIA,TE
Jaylin,Lane,WSH,WR
Federico,Maranges,SEA,C
Mario,Williams,LAR,WR
LaJohntay,Wester,BAL,WR
Kole,Taylor,CIN,TE
Jaylin,Noel,HOU,WR
JJ,Galbreath,PIT,TE
Dont'e,Thornton Jr.,LV,WR
JP,Richardson,CHI,WR
Oscar,Cardenas,ARI,TE
Caleb,Lohner,DEN,TE
Zach,Horton,DET,TE
Quentin,Skinner,NYJ,WR
KeAndre,Lambert-Smith,LAC,WR
John,Copenhaver,JAX,TE
Jeremiah,Webb,NE,WR
Jackson,Hawes,BUF,TE
Quincy,Skinner Jr.,ATL,WR
Terrance,Ferguson,LAR,TE
Myles,Price,MIN,WR
Jake,Majors,PHI,C
Chris,Tyree,NO,WR
Patrick,Herbert,JAX,TE
Caden,Prieskorn,CLE,TE
Keleki,Latu,BUF,TE
Pat,Conroy,LV,TE
Tyler,Warren,IND,TE
Jacob,Bayer,CIN,C
Arian,Smith,NYJ,WR
Jake,Briningstool,KC,TE
Gavin,Bartholomew,MIN,TE
Kyle,Williams,NE,WR
Mitchell,Evans,CAR,TE
Bryce,Cabeldue,SEA,G
Jahdae,Walker,CHI,WR
Seth,Green,NO,TE
Seth,McLaughlin,DET,C
Joe,Michalski,DEN,C
Sal,Cannella,CLE,TE
Sam,Pitz,BAL,TE
Luke,Lachey,HOU,TE
Juice,Wells Jr.,NYG,WR
Bryson,Nesbit,MIN,TE
Bryce,Pierre,CAR,TE
Colston,Loveland,CHI,TE
Carter,Runyon,LV,TE
Dylan,Fairchild,CIN,G
Tyler,Cooper,WSH,G
CJ,Dippre,NE,TE
Tre,Watson,KC,TE
Tyler,Booker,DAL,G
Mark,Redman,LAR,TE
Eli,Cox,HOU,C
Harold,Fannin Jr.,CLE,TE
Moliki,Matavao,NO,TE
Mose,Vavao,IND,C
Josh,Priebe,MIA,G
Anthony,Torres,LAR,TE
Thomas,Fidone II,NYG,TE
Ben,Yurosek,MIN,TE
Willie,Lampkin,PHI,C
Ben,Scott,TB,G
Saahdiq,Charles,CAR,G
Benjamin,Chukwuma,TB,OT
Garrett,Dellinger,TEN,G
Miles,Frazier,DET,G
Oronde,Gadsden,LAC,TE
Hayden,Conner,ARI,G
Zeke,Correll,MIN,C
Jonah,Savaiinaea,MIA,G
Jackson,Slater,TEN,G
Connor,Colby,SF,G
Jarrod,Hufford,LV,C
Brandon,Crenshaw-Dickson,TEN,OT
J.J.,Lippe,GB,G
Mason,Taylor,NYJ,TE
Jonah,Monheim,JAX,C
Jared,Penning,BAL,G
Joshua,Simon,ATL,TE
Jermaine,Terry II,NYG,TE
Mason,Richman,SEA,G
Stevo,Klotz,LAC,TE
Gee,Scott Jr.,WSH,TE
Gus,Hartwig,NYJ,C
Addison,West,MIA,G
Jordan,Petaia,LAC,TE
Drew,Moss,TEN,G
Xavier,Truss,NO,OT
Aiden,Williams,CAR,G
John,Williams,GB,G
Brant,Banks,GB,OT
Grey,Zabel,SEA,G
Marshall,Foerner,TB,OT
Anthony,Belton,GB,OT
Drew,Kendall,PHI,C
Luke,Kandra,CAR,G
Dartanyan,Tinsley,CLE,G
Reid,Holskey,NYG,OT
Clay,Webb,TEN,G
Aireontae,Ersery,HOU,OT
Ajani,Cornelius,DAL,OT
Joe,Huber,MIN,G
Donovan,Jackson,MIN,G
Michael,Gonzalez,MIN,G
Josh,Kaltenberger,LAC,C
Jeremiah,Byers,CLE,OT
Tate,Ratledge,DET,G
Ozzie,Hutchinson,BAL,OT
Wyatt,Milum,JAX,G
Joshua,Gray,CAR,G
Wyatt,Bowles,ARI,G
Vershon,Lee,MIN,G
Caleb,Etienne,MIN,OT
Logan,Brown,SEA,OT
Luke,Felix-Fualalo,PHI,OT
Torricelli,Simpkins III,NO,G
Joey,Lombard,KC,C
Tedi,Kushi,MIA,OT
Steven,Losoya,CAR,G
Jalen,Rivers,CIN,G
Jared,Wilson,NE,G
Mehki,Butler,NE,G
Josh,Fryar,ARI,OT
Jack,Conley,CLE,G
Sal,Wormley,JAX,G
Emery,Jones Jr.,BAL,OT
Dalton,Cooper,GB,OT
Jason,Ivey,CLE,OT
Nash,Jones,DEN,G
Chase,Lundt,BUF,OT
Amari,Kight,SEA,OT
Marques,Cox,ARI,OT
Marcus,Tate,PHI,G
Parker,Clements,LV,OT
Gareth,Warren,PIT,OT
Ben,Dooley,LAR,OT
Leander,Wiegand,NYJ,G
Armand,Membou,NYJ,OT
Yahya,Black,PIT,DE
Gerad,Lichtenhan,BAL,OT
Jack,Nelson,ATL,OT
Mason,Miller,DET,OT
Myles,Hinton,PHI,OT
Rush,Reimer,BUF,G
Charles,Grant,LV,OT
Marcus,Mbow,NYG,OT
Kelvin,Banks Jr.,NO,OT
Isaiah,Raikes,TEN,DT
Michael,Tarquin,CAR,OT
Jalen,Travis,IND,OT
Valentin,Senn,ARI,OT
Donovan,Ezeiruaku,DAL,DE
Branson,Taylor,LAC,G
Josh,Conerly Jr.,WSH,OT
Philip,Blidi,NE,DT
Tyler,Baron,NYJ,DE
Zeek,Biggers,MIA,DT
Cam,Horsley,TEN,DT
Carson,Vinson,BAL,OT
Elijah,Roberts,TB,DE
Tyrion,Ingram-Dawkins,MIN,DE
Kenneth,Grant,MIA,DT
Esa,Pole,KC,OT
Alex,Huntley,MIA,DT
Devonte,O'Malley,GB,DT
Marcus,Bryant,NE,OT
Hayden,Harris,BUF,DE
Collin,Oliver,GB,DE
Easton,Kilty,NO,OT
Caleb,Rogers,LV,G
Timothy,McKay,WSH,G
Alex,Williams,MIN,DE
Michael,Fletcher,NYJ,DE
Josh,Simmons,KC,OT
Jordan,Williams,ATL,OT
Jordan,Phillips,MIA,DT
Jayson,Jones,TB,DT
Anthony,Campbell,GB,DT
Patrick,Jenkins,ATL,DE
Luke,Newman,CHI,OT
Hollin,Pierce,PHI,OT
Elijah,Ellis,LAC,OT
Derrick,Harmon,PIT,DT
Jared,Harrison-Hunte,CAR,DE
Will,Campbell,NE,OT
Rylie,Mills,SEA,DT
Ethan,Downs,KC,DE
Eugene,Asante,ATL,LB
Barryn,Sorrell,GB,DE
Keith,Cooper Jr.,MIA,DT
Ozzy,Trapilo,CHI,OT
Adin,Huntington,CLE,DE
Ahmed,Hassanein,DET,DE
Desmond,Little,IND,DE
Elijah,Williams,MIN,DE
Corey,Stewart,LAC,OT
Trey,Wedig,ARI,OT
Simeon,Barrow Jr.,MIA,DT
Jaison,Williams,NYG,OT
Nash,Hutmacher,TB,DT
Landon,Jackson,BUF,DE
B.J.,Green II,JAX,DE
Aeneas,Peebles,BAL,DT
Mykel,Williams,SF,DE
Sai'vion,Jones,DEN,DE
Savion,Washington,LAC,OT
Paris,Shand,BUF,DE
Tommy,Akingbesote,BUF,DB
Shemar,Stewart,CIN,DE
Jahfari,Harvey,LV,DE
Jamaree,Caldwell,LAC,DT
Dvon,J-Thomas,TB,DT
Ja'Markis,Weston,SEA,LB
Barry,Wesley,NO,OT
Dante,Barnett,GB,DT
Alfred,Collins,SF,DT
Jah,Joyner,LV,DE
Ashton,Gillotte,KC,DE
Cam,Jackson,CAR,DT
Warren,Brinson,GB,DT
J.R.,Singleton,SEA,DT
Cameron,Williams,PHI,OT
TeRah,Edwards,LAC,DT
Danny,Striggow,JAX,DE
JT,Tuimoloau,IND,DE
Darius,Alexander,NYG,DT
Jasheen,Davis,NO,DE
Diwun,Black,BAL,LB
Fadil,Diggs,NO,DE
Howard,Cross III,CIN,DT
Desmond,Watson,TB,DT
Xavier,Carlton,CHI,DE
Desmond,Evans,TEN,LB
Coziah,Izzard,NO,DT
Omarr,Norman-Lott,KC,DT
Teddye,Buchanan,BAL,LB
Wilfried,Pene,NE,DE
Josh,Fuga,LAC,DT
Mike,Green,BAL,LB
Jeffrey,Bassa,KC,LB
Tyler,Batty,MIN,LB
Eric,Gregory,NE,DT
Chaz,Chambliss,MIN,LB
Jay,Higgins IV,BAL,LB
Joshua,Farmer,NE,DT
Walter,Nolen III,ARI,DT
Ty,Hamilton,LAR,DT
Brandon,George,KC,LB
Austin,Keys,ARI,LB
Omari,Thomas,NO,DE
Kobe,King,NYJ,LB
Dorian,Mausi,TEN,LB
Chandler,Martin,BAL,LB
Decarius,Hawthorne,LAR,DT
Elijah,Simmons,TB,DT
Bill,Norton,LAR,DT
Jereme,Robinson,PHI,DE
Cooper,McDonald,KC,LB
Tank,Booker,LV,DT
Jahvaree,Ritzie,NE,DT
Barrett,Carter,CIN,LB
Da'Jon,Terry,LAR,DT
Shaun,Dolac,LAR,LB
T.J.,Sanders,BUF,DT
Deone,Walker,BUF,DT
Kylan,Guidry,LAC,LB
Mason,Graham,CLE,DT
Bubba,Thomas,SEA,DT
Bam,Martin-Scott,CAR,LB
Jacobe,Covington,KC,CB
Sebastian,Valdez,SF,DT
Kristian,Williams,DEN,DT
Keonta,Jenkins,BUF,LB
James,Carpenter,JAX,DT
Demetrius,Knight Jr.,CIN,LB
John,Bullock,IND,LB
Kaimon,Rucker,BAL,LB
Vernon,Broughton,NO,DT
C.J.,West,SF,DT
Jamil,Muhammad,CAR,LB
Tonka,Hemingway,LV,DT
Seth,Coleman,IND,LB
Mapalo,Mwansa,CAR,LB
Kyle,Kennard,LAC,LB
Eli,Mostaert,JAX,DT
Elijah,Ponder,NE,LB
Keivie,Rose,JAX,DT
Jay,Toia,DAL,DT
Stone,Blanton,SF,LB
Devonta,Davis,IND,DT
Tuasivi,Nomura,CAR,LB
Jared,Ivey,SEA,LB
Kevin,Knowles,KC,CB
Nic,Scourton,CAR,LB
JB,Brown,DEN,LB
Treven,Ma'ae,LV,DT
Nick,Martin,SF,LB
Ty,Robinson,PHI,DT
Branson,Combs,JAX,LB
Jordan,Burch,ARI,LB
Justin,Barron,DAL,LB
Nazir,Stackhouse,GB,DT
Kyonte,Hamilton,HOU,DT
JJ,Pegues,LV,DT
D'Eryk,Jackson,SEA,LB
Shemar,Turner,CHI,DT
Fatorma,Mulbah,NYJ,DT
Chris,Paul Jr.,SEA,LB
Jihaad,Campbell,PHI,LB
Josh,Pearcy,LAR,LB
Keenan,Garber,DET,CB
Jack,Kiser,JAX,LB
T.J.,Maguranyanga,WSH,DE
Ricky,Barber,WSH,DT
Laki,Tasi,LV,OT
Princely,Umanmielen,CAR,LB
Tim,Smith,IND,DT
Cam,Riley,TEN,LB
Nick,Jackson,TB,LB
Junior,Tafuna,HOU,DT
Payton,Page,NYJ,DT
Jalen,McLeod,JAX,LB
Bradyn,Swinson,NE,LB
Jamon,Johnson,GB,LB
Lance,Dixon,PHI,LB
Shemar,James,DAL,LB
Melvin,Smith Jr.,KC,CB
Power,Echols,HOU,LB
Warren,Peeples,TB,LB
Bilhal,Kone,BAL,CB
BJ,Adams,MIA,CB
Bralyn,Lux,CIN,CB
Tyreem,Powell,NO,LB
Easton,Mascarenas-Arnold,CLE,LB
Josaiah,Stewart,LAR,LB
Maxwell,Hairston,BUF,CB
Matt,Jones,LV,LB
Robert,Longerbeam,BAL,CB
Karene,Reid,DEN,LB
Que,Robinson,DEN,LB
Jared,Bartlett,CAR,LB
Jordan,Hancock,BUF,CB
Cody,Lindenberg,LV,LB
Nohl,Williams,KC,CB
Abdul,Carter,KC,LB
Garmon,Randolph,LAC,LB
Connor,O'Toole,SEA,LB
Reuben,Lowery III,IND,S
David,Walker,TB,LB
Tyleik,Williams,DET,DT
Derrick,Canteen,SF,CB
Ruben,Hyppolite II,CHI,LB
Danny,Stutsman,NO,LB
Carson,Bruener,PIT,LB
Smael,Mondon Jr.,PHI,LB
Cody,Simon,ARI,LB
Brandon,Crossley,NE,CB
JaTravis,Broughton,CAR,CB
Carson,Schwesinger,CLE,LB
Nick,Kubitz,ATL,LB
Jailin,Walker,LV,LB
Solomon,DeShields,IND,LB
Marlowe,Wax,LAC,LB
Trace,Ford,NYG,LB
Antwaun,Powell-Ryland Jr.,CIN,LB
Zemaiah,Vaughn,MIN,CB
Keyon,Martin,BAL,CB
Johnathan,Baldwin,GB,S
Marquise,Robinson,BAL,CB
Dalys,Beanum,NO,CB
Mello,Dotson,CAR,CB
Kam,Arnold,KC,LB
Jabbar,Muhammad,JAX,CB
Jakob,Robinson,SF,CB
Jason,Marshall Jr.,MIA,CB
Upton,Stout,SF,CB
Kiko,Mauigoa,NYJ,LB
Jordan,Turner,DEN,LB
John,Humphrey,LV,CB
Johnny,Walker Jr.,DEN,LB
James,Pearce Jr.,ATL,LB
Darien,Porter,LV,CB
LaMareon,James,NYG,CB
K.C.,Ossai,MIA,LB
Ale,Kaho,WSH,LB
Tyron,Herring,GB,CB
Caleb,Ransaw,JAX,CB
Zy,Alexander,BUF,CB
Doneiko,Slaughter,JAX,CB
Aydan,White,JAX,CB
Dom,Jones,CLE,CB
